id,price_usd,m2,dormitorios,banos,cocheras,antiguedad_anios,lat,lng,distrito,property_type,url,fuente
151181,325000.0,153.0,3.0,2.0,,,-12.1336431,-77.0232958,Miraflores,Departamento,https://babilonia.pe/inmueble/departamento-en-venta-en-miraflores-de-3-dormitorios-2-banios-153m2-area-325000-usd-de-hogar-contigo--equipo-inmobiliario-151181,babilonia
115266,163800.0,84.0,3.0,2.0,,,-12.0859424,-77.06539769999999,Pueblo Libre,Departamento,https://babilonia.pe/inmueble/departamento-en-venta-en-pueblo-libre-de-3-dormitorios-2-banios-84m2-area-163800-usd-de-connection-inmobiliaria-boutique-115266,babilonia
146839,220000.0,105.0,3.0,2.0,,,-12.0850086,-77.0448983,Lince,Departamento,https://babilonia.pe/inmueble/departamento-en-venta-en-lince-de-3-dormitorios-2-banios-105m2-area-220000-usd-de-whin-agencia-inmobiliaria-sac-146839,babilonia
114195,420000.0,135.0,3.0,2.0,,,-12.101474,-77.0357528,San Isidro,Departamento,https://babilonia.pe/inmueble/departamento-en-venta-en-san-isidro-de-3-dormitorios-2-banios-135m2-area-420000-usd-de-arquitectura-inmobiliaria-real-estate-114195,babilonia
148221,650000.0,398.0,3.0,3.0,,,-12.1078006,-76.98666519999999,San Borja,Departamento,https://babilonia.pe/inmueble/departamento-en-venta-en-san-borja-de-3-dormitorios-3-banios-398m2-area-650000-usd-de-lista-inmobiliaria-peru-148221,babilonia
148018,138000.0,106.0,3.0,2.0,,,-12.1515654,-76.9898616,Santiago De Surco,Departamento,https://babilonia.pe/inmueble/departamento-en-venta-en-santiago-de-surco-de-3-dormitorios-2-banios-106m2-area-138000-usd-de-martin-justo-agente-148018,babilonia
100249,86000.0,50.0,2.0,2.0,,,-12.1819157,-77.0064932,Chorrillos,Departamento,https://babilonia.pe/inmueble/departamento-en-venta-en-chorrillos-de-2-dormitorios-2-banios-50m2-area-86000-usd-de-iris-joya--inmobiliaria-100249,babilonia
149092,155000.0,130.0,3.0,4.0,,,-12.0562701,-76.939314,Ate,Departamento,https://babilonia.pe/inmueble/departamento-en-venta-en-ate-de-3-dormitorios-4-banios-130m2-area-155000-usd-de-Estela-Romero-149092,babilonia
149575,425000.0,215.0,3.0,3.0,,,-12.1150854,-77.0335553,Miraflores,Departamento,https://babilonia.pe/inmueble/departamento-en-venta-en-miraflores-de-3-dormitorios-3-banios-215m2-area-425000-usd-de-mjl-homes-149575,babilonia
139600,168000.0,112.0,3.0,3.0,,,-12.1312725,-76.9925044,Santiago De Surco,Departamento,https://babilonia.pe/inmueble/departamento-en-venta-en-santiago-de-surco-de-3-dormitorios-3-banios-112m2-area-168000-usd-de-Romer-Forero-139600,babilonia
150086,245000.0,106.0,3.0,2.0,,,-12.1159652,-77.04541619999999,Miraflores,Departamento,https://babilonia.pe/inmueble/departamento-en-venta-en-miraflores-de-3-dormitorios-2-banios-106m2-area-245000-usd-de-selectus-inmobiliaria-150086,babilonia
140154,146000.0,102.0,3.0,2.0,,,-12.0854047,-77.0868883,San Miguel,Departamento,https://babilonia.pe/inmueble/departamento-en-venta-en-san-miguel-de-3-dormitorios-2-banios-102m2-area-146000-usd-de-remax-zona-inmobiliaria-140154,babilonia
146174,175000.0,62.0,2.0,2.0,,,-12.0973593,-77.0324006,San Isidro,Departamento,https://babilonia.pe/inmueble/departamento-en-venta-en-san-isidro-de-2-dormitorios-2-banios-62m2-area-175000-usd-de-lien-boutique-inmobiliaria-146174,babilonia
145932,591900.0,188.0,4.0,3.0,,,-12.1005869,-77.0359803,San Isidro,Departamento,https://babilonia.pe/inmueble/departamento-en-venta-en-san-isidro-de-4-dormitorios-3-banios-188m2-area-591900-usd-de-saldivar-wendy--145932,babilonia
118348,166167.0,64.0,2.0,2.0,,,-12.0903133,-77.0702032,Magdalena Del Mar,Departamento,https://babilonia.pe/inmueble/departamento-en-venta-en-magdalena-del-mar-de-2-dormitorios-2-banios-64m2-area-166167-usd-de-redcai-118348,babilonia
143630,37659.0,50.0,3.0,1.0,,,-11.9379304,-77.0543866,Comas,Departamento,https://babilonia.pe/inmueble/departamento-en-venta-en-comas-de-3-dormitorios-1-banios-50m2-area-37659-usd-de-servicios-inmobiliarios-lima-143630,babilonia
148456,40000.0,58.0,1.0,1.0,,,-12.0473037,-77.0421142,Cercado De Lima,Departamento,https://babilonia.pe/inmueble/departamento-en-venta-en-cercado-de-lima-de-1-dormitorios-1-banios-58m2-area-40000-usd-de-kathma-servicios-generales-eirl-148456,babilonia
150571,29000.0,42.0,2.0,1.0,,,-11.8484236,-77.0883739,Puente Piedra,Departamento,https://babilonia.pe/inmueble/departamento-en-venta-en-puente-piedra-de-2-dormitorios-1-banios-42m2-area-29000-usd-de-connection-inmobiliaria-boutique-150571,babilonia
142301,35190.0,50.0,3.0,1.0,,,-11.9443125,-77.0357515,Comas,Departamento,https://babilonia.pe/inmueble/departamento-en-venta-en-comas-de-3-dormitorios-1-banios-50m2-area-35190-usd-de-remax-iron-142301,babilonia
150197,32000.0,66.0,1.0,1.0,,,-12.05362849177745,-77.06327913201599,Cercado De Lima,Departamento,https://babilonia.pe/inmueble/departamento-en-venta-en-cercado-de-lima-de-1-dormitorios-1-banios-66m2-area-32000-usd-de-remax-elite-150197,babilonia
134445,31884.0,41.0,2.0,1.0,,,-11.849341,-77.0878365,Puente Piedra,Departamento,https://babilonia.pe/inmueble/departamento-en-venta-en-puente-piedra-de-2-dormitorios-1-banios-41m2-area-31884-usd-de-remax-pro-134445,babilonia
109718,35000.0,48.0,2.0,1.0,,,-12.034339,-77.08390829999999,San Martin De Porres,Departamento,https://babilonia.pe/inmueble/departamento-en-venta-en-san-martin-de-porres-de-2-dormitorios-1-banios-48m2-area-35000-usd-de-remax-pro-109718,babilonia
146022,47000.0,51.0,3.0,1.0,,,-11.9443896,-77.0507915,Comas,Departamento,https://babilonia.pe/inmueble/departamento-en-venta-en-comas-de-3-dormitorios-1-banios-51m2-area-47000-usd-de-inmobiliaria-golden-peru-146022,babilonia
148635,46000.0,43.0,1.0,1.0,,,-12.024452,-77.05978979999999,San Martin De Porres,Departamento,https://babilonia.pe/inmueble/departamento-en-venta-en-san-martin-de-porres-de-1-dormitorios-1-banios-43m2-area-46000-usd-de-remax-smart-148635,babilonia
146596,46000.0,51.0,3.0,1.0,,,-11.9291543,-77.0553592,Comas,Departamento,https://babilonia.pe/inmueble/departamento-en-venta-en-comas-de-3-dormitorios-1-banios-51m2-area-46000-usd-de-inmobiliaria-golden-peru-146596,babilonia
143477,46900.0,57.0,3.0,1.0,,,-11.9291543,-77.0553592,Comas,Departamento,https://babilonia.pe/inmueble/departamento-en-venta-en-comas-de-3-dormitorios-1-banios-57m2-area-46900-usd-de-inmobiliaria-miranda-143477,babilonia
151110,58000.0,66.0,3.0,2.0,,,-12.0217078,-76.9745603,San Juan De Lurigancho,Departamento,https://babilonia.pe/inmueble/departamento-en-venta-en-san-juan-de-lurigancho-de-3-dormitorios-2-banios-66m2-area-58000-usd-de-fiorella-rodriguez-agente-inmobiliario-151110,babilonia
148070,43500.0,50.0,2.0,1.0,,,-12.025291,-77.0913005,San Martin De Porres,Departamento,https://babilonia.pe/inmueble/departamento-en-venta-en-san-martin-de-porres-de-2-dormitorios-1-banios-50m2-area-43500-usd-de-martin-justo-agente-148070,babilonia
142883,63000.0,51.0,2.0,1.0,,,-12.0142834,-77.04198,Rimac,Departamento,https://babilonia.pe/inmueble/departamento-en-venta-en-rimac-de-2-dormitorios-1-banios-51m2-area-63000-usd-de-claudia-rondon-guillen-community-manager-142883,babilonia
148372,60000.0,61.0,3.0,2.0,,,-12.0190212,-76.8815351,Ate,Departamento,https://babilonia.pe/inmueble/departamento-en-venta-en-ate-de-3-dormitorios-2-banios-61m2-area-60000-usd-de-remax-centenario-148372,babilonia
148637,56000.0,43.0,1.0,1.0,,,-12.024452,-77.05978979999999,San Martin De Porres,Departamento,https://babilonia.pe/inmueble/departamento-en-venta-en-san-martin-de-porres-de-1-dormitorios-1-banios-43m2-area-56000-usd-de-remax-smart-148637,babilonia
99802,67000.0,66.0,3.0,2.0,,,-12.0190599,-76.88975099999999,Ate,Departamento,https://babilonia.pe/inmueble/departamento-en-venta-en-ate-de-3-dormitorios-2-banios-66m2-area-67000-usd-de-lima-grupo-inmobiliario-99802,babilonia
144594,56500.0,97.0,3.0,2.0,,,-11.8555265496,-77.0397228317,Carabayllo,Departamento,https://babilonia.pe/inmueble/departamento-en-venta-en-carabayllo-de-3-dormitorios-2-banios-97m2-area-56500-usd-de-remax-pro-144594,babilonia
104925,65000.0,60.0,3.0,2.0,,,-12.1779361,-76.9982034,Chorrillos,Departamento,https://babilonia.pe/inmueble/departamento-en-venta-en-chorrillos-de-3-dormitorios-2-banios-60m2-area-65000-usd-de-mix-inmobiliario-104925,babilonia
149119,55518.0,40.0,1.0,1.0,,,-12.1760839064,-77.0005302476,Chorrillos,Departamento,https://babilonia.pe/inmueble/departamento-en-venta-en-chorrillos-de-1-dormitorios-1-banios-40m2-area-55518-usd-de-mier-y-teran-asociados-agentes-inmobiliarios-149119,babilonia
138903,45000.0,54.0,1.0,1.0,,,-12.0357672,-77.0383325,Rimac,Departamento,https://babilonia.pe/inmueble/departamento-en-venta-en-rimac-de-1-dormitorios-1-banios-54m2-area-45000-usd-de-remax-black-138903,babilonia
126855,70000.0,97.0,3.0,1.0,,,-12.0636621255,-77.1155209858,Bellavista,Departamento,https://babilonia.pe/inmueble/departamento-en-venta-en-bellavista-de-3-dormitorios-1-banios-97m2-area-70000-usd-de-honne-inmobiliaria-126855,babilonia
149304,60000.0,45.0,2.0,1.0,,,-12.0305237,-77.02534849999999,Rimac,Departamento,https://babilonia.pe/inmueble/departamento-en-venta-en-rimac-de-2-dormitorios-1-banios-45m2-area-60000-usd-de-remax-enterprise-149304,babilonia
111301,70000.0,67.0,2.0,1.0,,,-12.0698425,-77.1159638,La Perla,Departamento,https://babilonia.pe/inmueble/departamento-en-venta-en-la-perla-de-2-dormitorios-1-banios-67m2-area-70000-usd-de-redcai-111301,babilonia
144843,95000.0,80.0,3.0,2.0,,,-12.161146,-76.9963565,Santiago De Surco,Departamento,https://babilonia.pe/inmueble/departamento-en-venta-en-santiago-de-surco-de-3-dormitorios-2-banios-80m2-area-95000-usd-de-lien-boutique-inmobiliaria-144843,babilonia
86790,73160.0,33.0,1.0,1.0,,,-12.1668857,-77.028185,Chorrillos,Departamento,https://babilonia.pe/inmueble/departamento-en-venta-en-chorrillos-de-1-dormitorios-1-banios-33m2-area-73160-usd-de-gracey-inmobiliaria-86790,babilonia
145676,90000.0,43.0,1.0,1.0,,,-12.1143808,-77.0117303,Surquillo,Departamento,https://babilonia.pe/inmueble/departamento-en-venta-en-surquillo-de-1-dormitorios-1-banios-43m2-area-90000-usd-de-iris-joya--inmobiliaria-145676,babilonia
148636,92000.0,90.0,3.0,1.0,,,-12.024452,-77.05978979999999,San Martin De Porres,Departamento,https://babilonia.pe/inmueble/departamento-en-venta-en-san-martin-de-porres-de-3-dormitorios-1-banios-90m2-area-92000-usd-de-remax-smart-148636,babilonia
125085,100000.0,102.0,3.0,1.0,,,-12.0717023,-77.1074338,La Perla,Departamento,https://babilonia.pe/inmueble/departamento-en-venta-en-la-perla-de-3-dormitorios-1-banios-102m2-area-100000-usd-de-remax-united-125085,babilonia
105935,80000.0,92.0,3.0,1.0,,,-12.0512493,-77.0673643,Cercado De Lima,Departamento,https://babilonia.pe/inmueble/departamento-en-venta-en-cercado-de-lima-de-3-dormitorios-1-banios-92m2-area-80000-usd-de-remax-centenario-105935,babilonia
147325,79000.0,55.0,1.0,1.0,,,-12.1591385,-76.9937634,Santiago De Surco,Departamento,https://babilonia.pe/inmueble/departamento-en-venta-en-santiago-de-surco-de-1-dormitorios-1-banios-55m2-area-79000-usd-de-lien-boutique-inmobiliaria-147325,babilonia
119873,87000.0,70.0,3.0,1.0,,,-12.0703699,-77.09128749999999,San Miguel,Departamento,https://babilonia.pe/inmueble/departamento-en-venta-en-san-miguel-de-3-dormitorios-1-banios-70m2-area-87000-usd-de-remax-centenario-119873,babilonia
150770,90537.0,68.0,2.0,2.0,,,-12.052397391,-77.0659105709,Cercado De Lima,Departamento,https://babilonia.pe/inmueble/departamento-en-venta-en-cercado-de-lima-de-2-dormitorios-2-banios-68m2-area-90537-usd-de-honne-inmobiliaria-150770,babilonia
104682,74000.0,92.0,3.0,2.0,,,-12.004449,-77.1057283,Callao,Departamento,https://babilonia.pe/inmueble/departamento-en-venta-en-callao-de-3-dormitorios-2-banios-92m2-area-74000-usd-de-remax-centenario-104682,babilonia
150048,99500.0,39.0,1.0,1.0,,,-12.0832695,-77.0534118,Jesus Maria,Departamento,https://babilonia.pe/inmueble/departamento-en-venta-en-jesus-maria-de-1-dormitorios-1-banios-39m2-area-99500-usd-de-lien-boutique-inmobiliaria-150048,babilonia
143582,83700.0,62.0,3.0,1.0,,,-12.2051077,-77.015785,Chorrillos,Departamento,https://babilonia.pe/inmueble/departamento-en-venta-en-chorrillos-de-3-dormitorios-1-banios-62m2-area-83700-usd-de-estela-romero-143582,babilonia
150277,98000.0,74.0,3.0,2.0,,,-12.1594489,-76.993417,Santiago De Surco,Departamento,https://babilonia.pe/inmueble/departamento-en-venta-en-santiago-de-surco-de-3-dormitorios-2-banios-74m2-area-98000-usd-de-adriana-bellido-agente-150277,babilonia
126229,99000.0,108.0,3.0,3.0,,,-12.0649207,-77.104911,La Perla,Departamento,https://babilonia.pe/inmueble/departamento-en-venta-en-la-perla-de-3-dormitorios-3-banios-108m2-area-99000-usd-de-agurto-valdez-juan-nestor-126229,babilonia
139603,99000.0,49.0,4.0,,,,-12.0467088,-77.0305678,Cercado De Lima,Departamento,https://babilonia.pe/inmueble/departamento-en-venta-en-cercado-de-lima-de-4-dormitorios-49m2-area-99000-usd-de-lima-grupo-inmobiliario-139603,babilonia
147056,125000.0,89.0,3.0,2.0,,,-12.1410021,-77.0117167,Santiago De Surco,Departamento,https://babilonia.pe/inmueble/departamento-en-venta-en-santiago-de-surco-de-3-dormitorios-2-banios-89m2-area-125000-usd-de-Romer-Forero-147056,babilonia
148086,111800.0,54.0,2.0,2.0,,,-12.0844762,-77.0796122,San Miguel,Departamento,https://babilonia.pe/inmueble/departamento-en-venta-en-san-miguel-de-2-dormitorios-2-banios-54m2-area-111800-usd-de-virginia-premium-living-148086,babilonia
142581,130000.0,88.0,3.0,2.0,,,-12.0752167,-77.05425919999999,Pueblo Libre,Departamento,https://babilonia.pe/inmueble/departamento-en-venta-en-pueblo-libre-de-3-dormitorios-2-banios-88m2-area-130000-usd-de-remax-iron-142581,babilonia
146580,129000.0,58.0,2.0,2.0,,,-12.117949,-77.01456929999999,Surquillo,Departamento,https://babilonia.pe/inmueble/departamento-en-venta-en-surquillo-de-2-dormitorios-2-banios-58m2-area-129000-usd-de-vista-146580,babilonia
133946,110000.0,76.0,3.0,1.0,,,-12.0832373,-77.0650132,Pueblo Libre,Departamento,https://babilonia.pe/inmueble/departamento-en-venta-en-pueblo-libre-de-3-dormitorios-1-banios-76m2-area-110000-usd-de-stan-peru-133946,babilonia
144901,126000.0,41.0,1.0,1.0,,,-12.1400947,-77.0220571,Barranco,Departamento,https://babilonia.pe/inmueble/departamento-en-venta-en-barranco-de-1-dormitorios-1-banios-41m2-area-126000-usd-de-crecer-inmobiliaria-144901,babilonia
142823,102519.0,65.0,3.0,2.0,,,-12.1802159415,-77.004757409,Chorrillos,Departamento,https://babilonia.pe/inmueble/departamento-en-venta-en-chorrillos-de-3-dormitorios-2-banios-65m2-area-102519-usd-de-mier-y-teran-asociados-agentes-inmobiliarios-142823,babilonia
148822,117000.0,79.0,3.0,2.0,,,-12.1430356,-77.0099224,Santiago De Surco,Departamento,https://babilonia.pe/inmueble/departamento-en-venta-en-santiago-de-surco-de-3-dormitorios-2-banios-79m2-area-117000-usd-de-lien-boutique-inmobiliaria-148822,babilonia
147749,102900.0,42.0,1.0,1.0,,,-12.0960212,-77.0596096,Magdalena Del Mar,Departamento,https://babilonia.pe/inmueble/departamento-en-venta-en-magdalena-del-mar-de-1-dormitorios-1-banios-42m2-area-102900-usd-de-inmobiliaria-concept-147749,babilonia
142417,130000.0,88.0,3.0,2.0,,,-12.0752167,-77.05425919999999,Pueblo Libre,Departamento,https://babilonia.pe/inmueble/departamento-en-venta-en-pueblo-libre-de-3-dormitorios-2-banios-88m2-area-130000-usd-de-remax-iron-142417,babilonia
148921,105000.0,62.0,2.0,1.0,,,-12.128648,-77.00072759999999,Santiago De Surco,Departamento,https://babilonia.pe/inmueble/departamento-en-venta-en-santiago-de-surco-de-2-dormitorios-1-banios-62m2-area-105000-usd-de-propiedad-perfecta-148921,babilonia
141092,108000.0,58.0,3.0,2.0,,,-12.0890655,-77.0706578,Magdalena Del Mar,Departamento,https://babilonia.pe/inmueble/departamento-en-venta-en-magdalena-del-mar-de-3-dormitorios-2-banios-58m2-area-108000-usd-de-hestur-real-estate-141092,babilonia
129392,129000.0,67.0,3.0,1.0,,,-12.0842847,-77.0845492,San Miguel,Departamento,https://babilonia.pe/inmueble/departamento-en-venta-en-san-miguel-de-3-dormitorios-1-banios-67m2-area-129000-usd-de-exploria-grupo-inmobiliario-129392,babilonia
150623,130000.0,83.0,1.0,2.0,,,-12.1326314,-76.99166749999999,Santiago De Surco,Departamento,https://babilonia.pe/inmueble/departamento-en-venta-en-santiago-de-surco-de-1-dormitorios-2-banios-83m2-area-130000-usd-de-taty-hoyos-agente-150623,babilonia
148340,149000.0,74.0,3.0,2.0,,,-12.0700932,-77.04908660000001,Jesus Maria,Departamento,https://babilonia.pe/inmueble/departamento-en-venta-en-jesus-maria-de-3-dormitorios-2-banios-74m2-area-149000-usd-de-remax-vision-148340,babilonia
148496,134725.0,57.0,2.0,2.0,,,-12.0821282,-77.0460963,Jesus Maria,Departamento,https://babilonia.pe/inmueble/departamento-en-venta-en-jesus-maria-de-2-dormitorios-2-banios-57m2-area-134725-usd-de-inmobiliaria-concept-148496,babilonia
135802,154000.0,170.0,4.0,4.0,,,-12.3109477,-76.8410511,Lurin,Departamento,https://babilonia.pe/inmueble/departamento-en-venta-en-lurin-de-4-dormitorios-4-banios-170m2-area-154000-usd-de-yauri-vega-claudia-veronica-135802,babilonia
144547,159000.0,56.0,1.0,1.0,,,-12.1409252,-77.0201024,Barranco,Departamento,https://babilonia.pe/inmueble/departamento-en-venta-en-barranco-de-1-dormitorios-1-banios-56m2-area-159000-usd-de-el-legado-real-state-144547,babilonia
148704,146000.0,146.0,4.0,4.0,,,-12.0709751,-77.1016568,San Miguel,Departamento,https://babilonia.pe/inmueble/departamento-en-venta-en-san-miguel-de-4-dormitorios-4-banios-146m2-area-146000-usd-de-proyectos-inmobiliarios-diego-olaguivel-148704,babilonia
143178,140000.0,43.0,1.0,1.0,,,-12.1257266,-77.0221703,Miraflores,Departamento,https://babilonia.pe/inmueble/departamento-en-venta-en-miraflores-de-1-dormitorios-1-banios-43m2-area-140000-usd-de-danitza-tomassini-143178,babilonia
148169,143500.0,96.0,3.0,2.0,,,-12.1432228,-76.9963697,Santiago De Surco,Departamento,https://babilonia.pe/inmueble/departamento-en-venta-en-santiago-de-surco-de-3-dormitorios-2-banios-96m2-area-143500-usd-de-martin-justo-agente-148169,babilonia
120591,143478.0,43.0,1.0,1.0,,,-12.1397041,-77.0227408,Barranco,Departamento,https://babilonia.pe/inmueble/departamento-en-venta-en-barranco-de-1-dormitorios-1-banios-43m2-area-143478-usd-de-remax-pro-120591,babilonia
149336,140000.0,62.0,2.0,2.0,,,-12.0752488,-77.0422013,Jesus Maria,Departamento,https://babilonia.pe/inmueble/departamento-en-venta-en-jesus-maria-de-2-dormitorios-2-banios-62m2-area-140000-usd-de-Carmen-Anton-149336,babilonia
146614,150000.0,112.0,3.0,2.0,,,-12.1437402,-76.9967755,Santiago De Surco,Departamento,https://babilonia.pe/inmueble/departamento-en-venta-en-santiago-de-surco-de-3-dormitorios-2-banios-112m2-area-150000-usd-de-vivaseguro-group--146614,babilonia
144394,139000.0,101.0,3.0,2.0,,,-12.1275257,-76.9791303,Santiago De Surco,Departamento,https://babilonia.pe/inmueble/departamento-en-venta-en-santiago-de-surco-de-3-dormitorios-2-banios-101m2-area-139000-usd-de-Lourdes-Dominguez-144394,babilonia
140969,157199.0,65.0,2.0,2.0,,,-12.087616,-77.0309046,Lince,Departamento,https://babilonia.pe/inmueble/departamento-en-venta-en-lince-de-2-dormitorios-2-banios-65m2-area-157199-usd-de-LSG-Agentes-Inmobiliarios--140969,babilonia
150783,146000.0,63.0,3.0,2.0,,,-12.0883381,-77.03399739999999,Lince,Departamento,https://babilonia.pe/inmueble/departamento-en-venta-en-lince-de-3-dormitorios-2-banios-63m2-area-146000-usd-de-inmobiliaria-golden-peru-150783,babilonia
148462,148200.0,55.0,2.0,2.0,,,-12.0867629,-77.06290829999999,Magdalena Del Mar,Departamento,https://babilonia.pe/inmueble/departamento-en-venta-en-magdalena-del-mar-de-2-dormitorios-2-banios-55m2-area-148200-usd-de-inmobiliaria-concept-148462,babilonia
132627,175000.0,126.0,4.0,2.0,,,-12.0750623,-76.9878521,Ate,Departamento,https://babilonia.pe/inmueble/departamento-en-venta-en-ate-de-4-dormitorios-2-banios-126m2-area-175000-usd-de-gestiones-exitosas--132627,babilonia
106318,189000.0,95.0,3.0,2.0,,,-12.0829527,-77.0520669,Jesus Maria,Departamento,https://babilonia.pe/inmueble/departamento-en-venta-en-jesus-maria-de-3-dormitorios-2-banios-95m2-area-189000-usd-de-remax-elite-106318,babilonia
149535,175000.0,75.0,2.0,2.0,,,-12.1601576,-77.0233209,Chorrillos,Departamento,https://babilonia.pe/inmueble/departamento-en-venta-en-chorrillos-de-2-dormitorios-2-banios-75m2-area-175000-usd-de-ro-inmobiliaria-149535,babilonia
103709,175000.0,73.0,1.0,1.0,,,-12.1392292,-77.0243304,Barranco,Departamento,https://babilonia.pe/inmueble/departamento-en-venta-en-barranco-de-1-dormitorios-1-banios-73m2-area-175000-usd-de-mass-real-estate-103709,babilonia
139339,187000.0,118.0,4.0,3.0,,,-12.1226145,-76.9766818,Santiago De Surco,Departamento,https://babilonia.pe/inmueble/departamento-en-venta-en-santiago-de-surco-de-4-dormitorios-3-banios-118m2-area-187000-usd-de-inmobiliaria-pacifico-139339,babilonia
147573,165000.0,120.0,6.0,3.0,,,-12.0259753,-77.0556931,San Martin De Porres,Departamento,https://babilonia.pe/inmueble/departamento-en-venta-en-san-martin-de-porres-de-6-dormitorios-3-banios-120m2-area-165000-usd-de-remax-casa-inmobiliaria-147573,babilonia
136388,165000.0,71.0,1.0,1.0,,,-12.121869,-76.9899876,Santiago De Surco,Departamento,https://babilonia.pe/inmueble/departamento-en-venta-en-santiago-de-surco-de-1-dormitorios-1-banios-71m2-area-165000-usd-de-Maria-del-Pilar-Calderon-136388,babilonia
117382,199500.0,95.0,1.0,1.0,,,-12.0960916,-77.0571555,San Isidro,Departamento,https://babilonia.pe/inmueble/departamento-en-venta-en-san-isidro-de-1-dormitorios-1-banios-95m2-area-199500-usd-de-inmobideal-peru-117382,babilonia
110519,179783.0,60.0,2.0,2.0,,,-12.0913514,-77.0269987,Lince,Departamento,https://babilonia.pe/inmueble/departamento-en-venta-en-lince-de-2-dormitorios-2-banios-60m2-area-179783-usd-de-dpl-partners-110519,babilonia
117825,178800.0,65.0,2.0,2.0,,,-12.1114579,-77.0482359,Miraflores,Departamento,https://babilonia.pe/inmueble/departamento-en-venta-en-miraflores-de-2-dormitorios-2-banios-65m2-area-178800-usd-de-crecer-inmobiliaria-117825,babilonia
147962,182000.0,82.0,3.0,2.0,,,-12.1233908,-77.0043756,Surquillo,Departamento,https://babilonia.pe/inmueble/departamento-en-venta-en-surquillo-de-3-dormitorios-2-banios-82m2-area-182000-usd-de-jennifer-melany-delgado-vigueras-147962,babilonia
139989,163000.0,218.0,3.0,5.0,,,-12.1766096,-77.0055479,Chorrillos,Departamento,https://babilonia.pe/inmueble/departamento-en-venta-en-chorrillos-de-3-dormitorios-5-banios-218m2-area-163000-usd-de-lien-boutique-inmobiliaria-139989,babilonia
147980,194000.0,95.0,2.0,2.0,,,-12.1332276,-77.0094036,Santiago De Surco,Departamento,https://babilonia.pe/inmueble/departamento-en-venta-en-santiago-de-surco-de-2-dormitorios-2-banios-95m2-area-194000-usd-de-solo-inmobiliarios-147980,babilonia
149787,245000.0,148.0,3.0,2.0,,,-12.1196767,-76.9693468,Santiago De Surco,Departamento,https://babilonia.pe/inmueble/departamento-en-venta-en-santiago-de-surco-de-3-dormitorios-2-banios-148m2-area-245000-usd-de-e-and-s-real-state-sacs-149787,babilonia
142395,225000.0,73.0,2.0,2.0,,,-12.1116206,-77.0359105,Miraflores,Departamento,https://babilonia.pe/inmueble/departamento-en-venta-en-miraflores-de-2-dormitorios-2-banios-73m2-area-225000-usd-de-gandezza-inmobiliaria-142395,babilonia
150208,250000.0,397.0,3.0,2.0,,,-12.1163196,-76.9767678,Santiago De Surco,Departamento,https://babilonia.pe/inmueble/departamento-en-venta-en-santiago-de-surco-de-3-dormitorios-2-banios-397m2-area-250000-usd-de-opcion-uno-inmobiliaria-150208,babilonia
131832,228000.0,152.0,3.0,3.0,,,-12.1187925,-77.0365216,Miraflores,Departamento,https://babilonia.pe/inmueble/departamento-en-venta-en-miraflores-de-3-dormitorios-3-banios-152m2-area-228000-usd-de-remax-zona-inmobiliaria-131832,babilonia
143988,220000.0,73.0,4.0,3.0,,,-12.1453235,-76.97642,San Juan De Miraflores,Departamento,https://babilonia.pe/inmueble/departamento-en-venta-en-san-juan-de-miraflores-de-4-dormitorios-3-banios-73m2-area-220000-usd-de-hestur-real-estate-143988,babilonia
142779,249000.0,228.0,3.0,2.0,,,-12.1046032,-77.0063102,San Borja,Departamento,https://babilonia.pe/inmueble/departamento-en-venta-en-san-borja-de-3-dormitorios-2-banios-228m2-area-249000-usd-de-redcai-142779,babilonia
148186,220442.0,90.0,3.0,2.0,,,-12.1044626,-77.0108331,San Borja,Departamento,https://babilonia.pe/inmueble/departamento-en-venta-en-san-borja-de-3-dormitorios-2-banios-90m2-area-220442-usd-de-remax-maxima-148186,babilonia
138739,210000.0,65.0,2.0,2.0,,,-12.1181372,-77.0428165,Miraflores,Departamento,https://babilonia.pe/inmueble/departamento-en-venta-en-miraflores-de-2-dormitorios-2-banios-65m2-area-210000-usd-de-setagroup-inmobiliaria-138739,babilonia
140069,233423.0,107.0,3.0,3.0,,,-12.122978,-76.9856739,Santiago De Surco,Departamento,https://babilonia.pe/inmueble/departamento-en-venta-en-santiago-de-surco-de-3-dormitorios-3-banios-107m2-area-233423-usd-de-Pierina-Barbosa-140069,babilonia
150343,210000.0,180.0,3.0,2.0,,,-12.0695648,-77.123348,La Perla,Departamento,https://babilonia.pe/inmueble/departamento-en-venta-en-la-perla-de-3-dormitorios-2-banios-180m2-area-210000-usd-de-carina-tejada-agente-150343,babilonia
129453,215966.0,75.0,2.0,2.0,,,-12.1142446529,-77.0295262979,Miraflores,Departamento,https://babilonia.pe/inmueble/departamento-en-venta-en-miraflores-de-2-dormitorios-2-banios-75m2-area-215966-usd-de-mier-y-teran-asociados-agentes-inmobiliarios-129453,babilonia
141684,220339.0,60.0,2.0,2.0,,,-12.122486,-77.0313539,Miraflores,Departamento,https://babilonia.pe/inmueble/departamento-en-venta-en-miraflores-de-2-dormitorios-2-banios-60m2-area-220339-usd-de-Pierina-Barbosa-141684,babilonia
139811,220000.0,180.0,3.0,2.0,,,-12.1144567,-76.9931861,Santiago De Surco,Departamento,https://babilonia.pe/inmueble/departamento-en-venta-en-santiago-de-surco-de-3-dormitorios-2-banios-180m2-area-220000-usd-de-bricks-peru-139811,babilonia
143670,205000.0,82.0,2.0,3.0,,,-12.1325765,-77.0111787,Cercado De Lima,Departamento,https://babilonia.pe/inmueble/departamento-en-venta-en-cercado-de-lima-de-2-dormitorios-3-banios-82m2-area-205000-usd-de-gama-inmobiliaria-143670,babilonia
138054,202306.0,71.0,2.0,2.0,,,-12.0933526,-77.03857789999999,San Isidro,Departamento,https://babilonia.pe/inmueble/departamento-en-venta-en-san-isidro-de-2-dormitorios-2-banios-71m2-area-202306-usd-de-remax-family-138054,babilonia
149948,245000.0,106.0,3.0,2.0,,,-12.1159652,-77.04541619999999,Miraflores,Departamento,https://babilonia.pe/inmueble/departamento-en-venta-en-miraflores-de-3-dormitorios-2-banios-106m2-area-245000-usd-de-selectus-inmobiliaria-149948,babilonia
135912,275000.0,131.0,2.0,2.0,,,-12.1148377,-76.9924164,Santiago De Surco,Departamento,https://babilonia.pe/inmueble/departamento-en-venta-en-santiago-de-surco-de-2-dormitorios-2-banios-131m2-area-275000-usd-de-teresa-garcia-naranjo-agente-inmobiliario-135912,babilonia
144082,299000.0,142.0,3.0,3.0,,,-12.1062875,-76.9745405,Santiago De Surco,Departamento,https://babilonia.pe/inmueble/departamento-en-venta-en-santiago-de-surco-de-3-dormitorios-3-banios-142m2-area-299000-usd-de-inmuebles-y-punto-144082,babilonia
132930,289000.0,143.0,3.0,3.0,,,-12.122371673583984,-77.00743865966797,Miraflores,Departamento,https://babilonia.pe/inmueble/departamento-en-venta-en-miraflores-de-3-dormitorios-3-banios-143m2-area-289000-usd-de-taty-hoyos-agente-132930,babilonia
145417,255000.0,114.0,3.0,2.0,,,-12.1113491,-77.0392512,Miraflores,Departamento,https://babilonia.pe/inmueble/departamento-en-venta-en-miraflores-de-3-dormitorios-2-banios-114m2-area-255000-usd-de-mass-real-estate-145417,babilonia
145854,270000.0,130.0,1.0,2.0,,,-12.1391038,-77.0256529,Barranco,Departamento,https://babilonia.pe/inmueble/departamento-en-venta-en-barranco-de-1-dormitorios-2-banios-130m2-area-270000-usd-de-bricks-peru-145854,babilonia
134804,280000.0,119.0,3.0,2.0,,,-12.0952809,-77.0542647,San Isidro,Departamento,https://babilonia.pe/inmueble/departamento-en-venta-en-san-isidro-de-3-dormitorios-2-banios-119m2-area-280000-usd-de-exploria-grupo-inmobiliario-134804,babilonia
142530,273500.0,80.0,2.0,2.0,,,-12.1228081,-77.03918279999999,Miraflores,Departamento,https://babilonia.pe/inmueble/departamento-en-venta-en-miraflores-de-2-dormitorios-2-banios-80m2-area-273500-usd-de-rodrigo-morales-correa-142530,babilonia
112430,270225.0,77.0,2.0,2.0,,,-12.0983672,-77.0391697,San Isidro,Departamento,https://babilonia.pe/inmueble/departamento-en-venta-en-san-isidro-de-2-dormitorios-2-banios-77m2-area-270225-usd-de-lifestyle-realty-peru-eirl-112430,babilonia
150219,275000.0,140.0,3.0,2.0,,,-12.0918983,-76.986051,San Borja,Departamento,https://babilonia.pe/inmueble/departamento-en-venta-en-san-borja-de-3-dormitorios-2-banios-140m2-area-275000-usd-de-remax-vision-150219,babilonia
82661,295000.0,145.0,3.0,2.0,,,-12.1329612,-77.0210393,Barranco,Departamento,https://babilonia.pe/inmueble/departamento-en-venta-en-barranco-de-3-dormitorios-2-banios-145m2-area-295000-usd-de-redcai-82661,babilonia
147994,300000.0,192.0,4.0,3.0,,,-12.133576,-77.0167242,Cercado De Lima,Departamento,https://babilonia.pe/inmueble/departamento-en-venta-en-cercado-de-lima-de-4-dormitorios-3-banios-192m2-area-300000-usd-de-gama-inmobiliaria-147994,babilonia
103855,288263.0,110.0,2.0,2.0,,,-12.117715,-77.0263858,Miraflores,Departamento,https://babilonia.pe/inmueble/departamento-en-venta-en-miraflores-de-2-dormitorios-2-banios-110m2-area-288263-usd-de-dpl-partners-103855,babilonia
143685,278000.0,129.0,3.0,3.0,,,-12.117756843566895,-77.03131103515625,Miraflores,Departamento,https://babilonia.pe/inmueble/departamento-en-venta-en-miraflores-de-3-dormitorios-3-banios-129m2-area-278000-usd-de-house-solution-143685,babilonia
145237,275000.0,84.0,4.0,3.0,,,-12.1233467,-77.0374304,Miraflores,Departamento,https://babilonia.pe/inmueble/departamento-en-venta-en-miraflores-de-4-dormitorios-3-banios-84m2-area-275000-usd-de-limaspace-145237,babilonia
144713,260000.0,157.0,3.0,4.0,,,-12.1256416,-77.0043309,Miraflores,Departamento,https://babilonia.pe/inmueble/departamento-en-venta-en-miraflores-de-3-dormitorios-4-banios-157m2-area-260000-usd-de-Romer-Forero-144713,babilonia
142490,299000.0,163.0,3.0,4.0,,,-12.1235648,-76.9799823,Santiago De Surco,Departamento,https://babilonia.pe/inmueble/departamento-en-venta-en-santiago-de-surco-de-3-dormitorios-4-banios-163m2-area-299000-usd-de-remax-zona-inmobiliaria-142490,babilonia
147763,269000.0,267.0,12.0,8.0,,,-12.1705117,-76.9890021,Santiago De Surco,Departamento,https://babilonia.pe/inmueble/departamento-en-venta-en-santiago-de-surco-de-12-dormitorios-8-banios-267m2-area-269000-usd-de-remax-pro-147763,babilonia
134665,360000.0,135.0,3.0,3.0,,,-12.1206526,-76.9795745,Santiago De Surco,Departamento,https://babilonia.pe/inmueble/departamento-en-venta-en-santiago-de-surco-de-3-dormitorios-3-banios-135m2-area-360000-usd-de-matessa-house-134665,babilonia
144764,320000.0,176.0,3.0,2.0,,,-12.1000485,-77.038159,San Isidro,Departamento,https://babilonia.pe/inmueble/departamento-en-venta-en-san-isidro-de-3-dormitorios-2-banios-176m2-area-320000-usd-de-jossie-mori-144764,babilonia
142956,395000.0,336.0,3.0,3.0,,,-12.119717,-76.99102,Santiago De Surco,Departamento,https://babilonia.pe/inmueble/departamento-en-venta-en-santiago-de-surco-de-3-dormitorios-3-banios-336m2-area-395000-usd-de-inmobiliaria-crosby-142956,babilonia
150732,345000.0,248.0,4.0,3.0,,,-12.0989874,-76.9778903,Santiago De Surco,Departamento,https://babilonia.pe/inmueble/departamento-en-venta-en-santiago-de-surco-de-4-dormitorios-3-banios-248m2-area-345000-usd-de-lien-boutique-inmobiliaria-150732,babilonia
146368,320000.0,250.0,6.0,3.0,,,-12.1155003,-77.0380363,Miraflores,Departamento,https://babilonia.pe/inmueble/departamento-en-venta-en-miraflores-de-6-dormitorios-3-banios-250m2-area-320000-usd-de-jaqueline-tejada-agente-146368,babilonia
139432,365000.0,236.0,3.0,3.0,,,-12.1222588,-77.0369266,Miraflores,Departamento,https://babilonia.pe/inmueble/departamento-en-venta-en-miraflores-de-3-dormitorios-3-banios-236m2-area-365000-usd-de-opcion-uno-inmobiliaria-139432,babilonia
131922,345000.0,202.0,3.0,3.0,,,-12.0797583,-76.96039189999999,Santiago De Surco,Departamento,https://babilonia.pe/inmueble/departamento-en-venta-en-santiago-de-surco-de-3-dormitorios-3-banios-202m2-area-345000-usd-de-luiggi-beretta-agente-131922,babilonia
149806,339000.0,155.0,3.0,2.0,,,-12.1035602,-77.0588829,San Isidro,Departamento,https://babilonia.pe/inmueble/departamento-en-venta-en-san-isidro-de-3-dormitorios-2-banios-155m2-area-339000-usd-de-francisco-viteri-propiedades-149806,babilonia
148208,332067.0,180.0,3.0,3.0,,,-12.1044626,-77.0108331,San Borja,Departamento,https://babilonia.pe/inmueble/departamento-en-venta-en-san-borja-de-3-dormitorios-3-banios-180m2-area-332067-usd-de-remax-maxima-148208,babilonia
129463,313995.0,114.0,3.0,2.0,,,-12.1296643847,-77.0256424592,Miraflores,Departamento,https://babilonia.pe/inmueble/departamento-en-venta-en-miraflores-de-3-dormitorios-2-banios-114m2-area-313995-usd-de-mier-y-teran-asociados-agentes-inmobiliarios-129463,babilonia
131603,325000.0,222.0,3.0,4.0,,,-12.1298625,-76.9884922,Santiago De Surco,Departamento,https://babilonia.pe/inmueble/departamento-en-venta-en-santiago-de-surco-de-3-dormitorios-4-banios-222m2-area-325000-usd-de-nongrados-cordova-rosa-maria-131603,babilonia
148204,324919.0,179.0,3.0,3.0,,,-12.1044626,-77.0108331,San Borja,Departamento,https://babilonia.pe/inmueble/departamento-en-venta-en-san-borja-de-3-dormitorios-3-banios-179m2-area-324919-usd-de-remax-maxima-148204,babilonia
145923,370000.0,144.0,2.0,2.0,,,-12.1220176,-77.0301889,Miraflores,Departamento,https://babilonia.pe/inmueble/departamento-en-venta-en-miraflores-de-2-dormitorios-2-banios-144m2-area-370000-usd-de-inmuebles-y-punto-145923,babilonia
150310,360000.0,180.0,2.0,2.0,,,-12.1243608,-77.0361133,Miraflores,Departamento,https://babilonia.pe/inmueble/departamento-en-venta-en-miraflores-de-2-dormitorios-2-banios-180m2-area-360000-usd-de-gandezza-inmobiliaria-150310,babilonia
141346,372000.0,500.0,5.0,4.0,,,-12.1178566,-76.98373649999999,Santiago De Surco,Departamento,https://babilonia.pe/inmueble/departamento-en-venta-en-santiago-de-surco-de-5-dormitorios-4-banios-500m2-area-372000-usd-de-Inspira-Inmobiliaria-141346,babilonia
150376,370000.0,190.0,4.0,2.0,,,-12.1004127,-77.0522525,San Isidro,Departamento,https://babilonia.pe/inmueble/departamento-en-venta-en-san-isidro-de-4-dormitorios-2-banios-190m2-area-370000-usd-de-inmobideal-peru-150376,babilonia
141093,499000.0,249.0,5.0,4.0,,,-12.0966201,-77.0585579,Magdalena Del Mar,Departamento,https://babilonia.pe/inmueble/departamento-en-venta-en-magdalena-del-mar-de-5-dormitorios-4-banios-249m2-area-499000-usd-de-hestur-real-estate-141093,babilonia
93480,495000.0,380.0,4.0,3.0,,,-12.120865821838379,-76.98196411132812,Santiago De Surco,Departamento,https://babilonia.pe/inmueble/departamento-en-venta-en-santiago-de-surco-de-4-dormitorios-3-banios-380m2-area-495000-usd-de-maria-isabel-salazar-agente-93480,babilonia
151007,493000.0,170.0,3.0,2.0,,,-12.1350278,-77.02673399999999,Miraflores,Departamento,https://babilonia.pe/inmueble/departamento-en-venta-en-miraflores-de-3-dormitorios-2-banios-170m2-area-493000-usd-de-mjl-homes-151007,babilonia
145935,494900.0,185.0,3.0,3.0,,,-12.1049928,-77.0509024,San Isidro,Departamento,https://babilonia.pe/inmueble/departamento-en-venta-en-san-isidro-de-3-dormitorios-3-banios-185m2-area-494900-usd-de-saldivar-wendy--145935,babilonia
118994,465000.0,227.0,3.0,3.0,,,-12.1116829,-76.9829118,Santiago De Surco,Departamento,https://babilonia.pe/inmueble/departamento-en-venta-en-santiago-de-surco-de-3-dormitorios-3-banios-227m2-area-465000-usd-de-Katherine-Cahuata-118994,babilonia
148065,475000.0,212.0,3.0,4.0,,,-12.08288,-76.9681639,Santiago De Surco,Departamento,https://babilonia.pe/inmueble/departamento-en-venta-en-santiago-de-surco-de-3-dormitorios-4-banios-212m2-area-475000-usd-de-stan-peru-148065,babilonia
53493,480000.0,365.0,3.0,3.0,,,-12.122357,-76.9815877,Santiago De Surco,Departamento,https://babilonia.pe/inmueble/departamento-en-venta-en-santiago-de-surco-de-3-dormitorios-3-banios-365m2-area-480000-usd-de-gracey-inmobiliaria-53493,babilonia
147257,499000.0,286.0,3.0,3.0,,,-12.1222081,-77.01047319999999,Miraflores,Departamento,https://babilonia.pe/inmueble/departamento-en-venta-en-miraflores-de-3-dormitorios-3-banios-286m2-area-499000-usd-de-saldivar-wendy--147257,babilonia
146173,420000.0,237.0,3.0,3.0,,,-12.1147569304,-77.0455161854,Miraflores,Departamento,https://babilonia.pe/inmueble/departamento-en-venta-en-miraflores-de-3-dormitorios-3-banios-237m2-area-420000-usd-de-lien-boutique-inmobiliaria-146173,babilonia
150844,420000.0,320.0,3.0,3.0,,,-12.1115994,-76.987473,Santiago De Surco,Departamento,https://babilonia.pe/inmueble/departamento-en-venta-en-santiago-de-surco-de-3-dormitorios-3-banios-320m2-area-420000-usd-de-taty-hoyos-agente-150844,babilonia
31988,458000.0,257.0,3.0,4.0,,,-12.0975675,-77.0552096,Cercado De Lima,Departamento,https://babilonia.pe/inmueble/departamento-en-venta-en-cercado-de-lima-de-3-dormitorios-4-banios-257m2-area-458000-usd-de-gama-inmobiliaria-31988,babilonia
138980,450000.0,368.0,3.0,1.0,,,-12.1263757,-77.0180587,Miraflores,Departamento,https://babilonia.pe/inmueble/departamento-en-venta-en-miraflores-de-3-dormitorios-1-banios-368m2-area-450000-usd-de-platino-inmobiliaria-sociedad-anonima-cerrada-138980,babilonia
147131,500000.0,233.0,3.0,3.0,,,-12.1161988,-76.9852729,Santiago De Surco,Departamento,https://babilonia.pe/inmueble/departamento-en-venta-en-santiago-de-surco-de-3-dormitorios-3-banios-233m2-area-500000-usd-de-gm-propiedades-inmobiliarias-147131,babilonia
136267,420000.0,230.0,3.0,2.0,,,-12.1372479,-77.0274763,Miraflores,Departamento,https://babilonia.pe/inmueble/departamento-en-venta-en-miraflores-de-3-dormitorios-2-banios-230m2-area-420000-usd-de-peru-luxury-properties-136267,babilonia
147633,460000.0,183.0,3.0,3.0,,,-12.1230153,-77.0397404,Miraflores,Departamento,https://babilonia.pe/inmueble/departamento-en-venta-en-miraflores-de-3-dormitorios-3-banios-183m2-area-460000-usd-de-peru-bienes-raices-147633,babilonia
150014,460000.0,291.0,3.0,2.0,,,-12.1162285,-76.9752033,Santiago De Surco,Departamento,https://babilonia.pe/inmueble/departamento-en-venta-en-santiago-de-surco-de-3-dormitorios-2-banios-291m2-area-460000-usd-de-opcion-uno-inmobiliaria-150014,babilonia
143931,574900.0,198.0,3.0,3.0,,,-12.1357341,-77.0261572,Miraflores,Departamento,https://babilonia.pe/inmueble/departamento-en-venta-en-miraflores-de-3-dormitorios-3-banios-198m2-area-574900-usd-de-inmuebles-y-punto-143931,babilonia
142213,649000.0,220.0,3.0,3.0,,,-12.1310409,-77.0317083,Miraflores,Departamento,https://babilonia.pe/inmueble/departamento-en-venta-en-miraflores-de-3-dormitorios-3-banios-220m2-area-649000-usd-de-peru-luxury-properties-142213,babilonia
66598,600000.0,508.0,5.0,4.0,,,-12.12436845,-77.01255836,Miraflores,Departamento,https://babilonia.pe/inmueble/departamento-en-venta-en-miraflores-de-5-dormitorios-4-banios-508m2-area-600000-usd-de-mak-soluciones-inmobiliarias-66598,babilonia
91576,579000.0,212.0,3.0,3.0,,,-12.0970121,-77.044657,San Isidro,Departamento,https://babilonia.pe/inmueble/departamento-en-venta-en-san-isidro-de-3-dormitorios-3-banios-212m2-area-579000-usd-de-francisco-viteri-propiedades-91576,babilonia
31618,690000.0,228.0,3.0,4.0,,,-12.0999899,-77.0537984,Cercado De Lima,Departamento,https://babilonia.pe/inmueble/departamento-en-venta-en-cercado-de-lima-de-3-dormitorios-4-banios-228m2-area-690000-usd-de-gama-inmobiliaria-31618,babilonia
144166,520000.0,260.0,3.0,3.0,,,-12.0979859,-77.0503676,San Isidro,Departamento,https://babilonia.pe/inmueble/departamento-en-venta-en-san-isidro-de-3-dormitorios-3-banios-260m2-area-520000-usd-de-agent-properties-realtor-144166,babilonia
122313,570000.0,271.0,3.0,3.0,,,-12.0895009,-76.96487859999999,Santiago De Surco,Departamento,https://babilonia.pe/inmueble/departamento-en-venta-en-santiago-de-surco-de-3-dormitorios-3-banios-271m2-area-570000-usd-de-aicardi-propiedades-122313,babilonia
149613,539400.0,155.0,3.0,3.0,,,-12.1168632162,-77.0459617018,Miraflores,Departamento,https://babilonia.pe/inmueble/departamento-en-venta-en-miraflores-de-3-dormitorios-3-banios-155m2-area-539400-usd-de-minerva-studio-inmobiliario-149613,babilonia
124055,528400.0,400.0,5.0,5.0,,,-12.1220736,-76.9805283,Santiago De Surco,Departamento,https://babilonia.pe/inmueble/departamento-en-venta-en-santiago-de-surco-de-5-dormitorios-5-banios-400m2-area-528400-usd-de-DIANA-FELIPE-MAZA-124055,babilonia
148004,630000.0,270.0,4.0,2.0,,,-12.1310409,-77.0317083,Miraflores,Departamento,https://babilonia.pe/inmueble/departamento-en-venta-en-miraflores-de-4-dormitorios-2-banios-270m2-area-630000-usd-de-inmuebles-y-punto-148004,babilonia
149614,661000.0,190.0,3.0,3.0,,,-12.1168632162,-77.0459617018,Miraflores,Departamento,https://babilonia.pe/inmueble/departamento-en-venta-en-miraflores-de-3-dormitorios-3-banios-190m2-area-661000-usd-de-minerva-studio-inmobiliario-149614,babilonia
63237,600000.0,192.0,4.0,3.0,,,-12.1061247,-76.9746493,Santiago De Surco,Departamento,https://babilonia.pe/inmueble/departamento-en-venta-en-santiago-de-surco-de-4-dormitorios-3-banios-192m2-area-600000-usd-de-gracey-inmobiliaria-63237,babilonia
104305,649000.0,374.0,3.0,4.0,,,-12.1145429,-76.98471769999999,Santiago De Surco,Departamento,https://babilonia.pe/inmueble/departamento-en-venta-en-santiago-de-surco-de-3-dormitorios-4-banios-374m2-area-649000-usd-de-claudia-gonzalez-agente-inmobiliario-104305,babilonia
136612,590000.0,281.0,3.0,2.0,,,-12.1102205,-77.0450894,Miraflores,Departamento,https://babilonia.pe/inmueble/departamento-en-venta-en-miraflores-de-3-dormitorios-2-banios-281m2-area-590000-usd-de-vivencias-real-estate-136612,babilonia
147518,618676.0,234.0,4.0,4.0,,,-12.1283878,-77.0153225,Miraflores,Departamento,https://babilonia.pe/inmueble/departamento-en-venta-en-miraflores-de-4-dormitorios-4-banios-234m2-area-618676-usd-de-area-inmobiliaria-147518,babilonia
148823,650000.0,420.0,4.0,4.0,,,-12.0830362,-76.9601424,Santiago De Surco,Departamento,https://babilonia.pe/inmueble/departamento-en-venta-en-santiago-de-surco-de-4-dormitorios-4-banios-420m2-area-650000-usd-de-lien-boutique-inmobiliaria-148823,babilonia
135773,865900.0,188.0,2.0,2.0,,,-12.1027173891,-77.0516822344,San Isidro,Departamento,https://babilonia.pe/inmueble/departamento-en-venta-en-san-isidro-de-2-dormitorios-2-banios-188m2-area-865900-usd-de-minerva-studio-inmobiliario-135773,babilonia
149924,840000.0,563.0,6.0,6.0,,,-12.0910644,-76.9643293,Santiago De Surco,Departamento,https://babilonia.pe/inmueble/departamento-en-venta-en-santiago-de-surco-de-6-dormitorios-6-banios-563m2-area-840000-usd-de-taty-hoyos-agente-149924,babilonia
133042,840000.0,563.0,3.0,3.0,,,-12.090707,-76.9642142,Santiago De Surco,Departamento,https://babilonia.pe/inmueble/departamento-en-venta-en-santiago-de-surco-de-3-dormitorios-3-banios-563m2-area-840000-usd-de-inmuebles-peru-133042,babilonia
130074,950000.0,515.0,3.0,4.0,,,-12.1148875,-77.0487984,Miraflores,Departamento,https://babilonia.pe/inmueble/departamento-en-venta-en-miraflores-de-3-dormitorios-4-banios-515m2-area-950000-usd-de-exploria-grupo-inmobiliario-130074,babilonia
141106,730000.0,368.0,4.0,4.0,,,-12.1227357,-76.9811456,Santiago De Surco,Departamento,https://babilonia.pe/inmueble/departamento-en-venta-en-santiago-de-surco-de-4-dormitorios-4-banios-368m2-area-730000-usd-de-torres-gatica-margarita-141106,babilonia
149570,780000.0,260.0,3.0,3.0,,,-12.1463485,-77.0240582,Barranco,Departamento,https://babilonia.pe/inmueble/departamento-en-venta-en-barranco-de-3-dormitorios-3-banios-260m2-area-780000-usd-de-mw-investments-149570,babilonia
53534,850000.0,410.0,4.0,4.0,,,-12.1121974,-76.9899691,Santiago De Surco,Departamento,https://babilonia.pe/inmueble/departamento-en-venta-en-santiago-de-surco-de-4-dormitorios-4-banios-410m2-area-850000-usd-de-gracey-inmobiliaria-53534,babilonia
150943,750000.0,293.0,3.0,3.0,,,-12.1641563,-77.02473069999999,Chorrillos,Departamento,https://babilonia.pe/inmueble/departamento-en-venta-en-chorrillos-de-3-dormitorios-3-banios-293m2-area-750000-usd-de--my-property--150943,babilonia
143117,749000.0,378.0,4.0,3.0,,,-12.0960192,-77.0458784,San Isidro,Departamento,https://babilonia.pe/inmueble/departamento-en-venta-en-san-isidro-de-4-dormitorios-3-banios-378m2-area-749000-usd-de-mg-bienes-raices-143117,babilonia
150327,890000.0,510.0,4.0,5.0,,,-12.0853364,-76.96179959999999,Santiago De Surco,Departamento,https://babilonia.pe/inmueble/departamento-en-venta-en-santiago-de-surco-de-4-dormitorios-5-banios-510m2-area-890000-usd-de-inmuebles-y-punto-150327,babilonia
144689,770000.0,405.0,3.0,3.0,,,-12.0899783,-77.0500845,San Isidro,Departamento,https://babilonia.pe/inmueble/departamento-en-venta-en-san-isidro-de-3-dormitorios-3-banios-405m2-area-770000-usd-de-am-realty-peru-144689,babilonia
141594,840000.0,527.0,4.0,6.0,,,-12.0823065,-76.9629815,Santiago De Surco,Departamento,https://babilonia.pe/inmueble/departamento-en-venta-en-santiago-de-surco-de-4-dormitorios-6-banios-527m2-area-840000-usd-de-lista-inmobiliaria-peru-141594,babilonia
142824,936500.0,250.0,3.0,3.0,,,-12.1036835623,-77.0504326854,San Isidro,Departamento,https://babilonia.pe/inmueble/departamento-en-venta-en-san-isidro-de-3-dormitorios-3-banios-250m2-area-936500-usd-de-mier-y-teran-asociados-agentes-inmobiliarios-142824,babilonia
142139,835060.0,238.0,3.0,3.0,,,-12.1133072,-77.0403207,Miraflores,Departamento,https://babilonia.pe/inmueble/departamento-en-venta-en-miraflores-de-3-dormitorios-3-banios-238m2-area-835060-usd-de-whin-agencia-inmobiliaria-sac-142139,babilonia
149483,700000.0,472.0,3.0,2.0,,,-12.0940355,-77.05632489999999,San Isidro,Departamento,https://babilonia.pe/inmueble/departamento-en-venta-en-san-isidro-de-3-dormitorios-2-banios-472m2-area-700000-usd-de-casa-vitta-propiedades-149483,babilonia
135913,890000.0,212.0,3.0,2.0,,,-12.0987127,-77.0472454,San Isidro,Departamento,https://babilonia.pe/inmueble/departamento-en-venta-en-san-isidro-de-3-dormitorios-2-banios-212m2-area-890000-usd-de-peru-luxury-properties-135913,babilonia
146299,980000.0,212.0,3.0,3.0,,,-12.1309525,-77.0320246,Miraflores,Departamento,https://babilonia.pe/inmueble/departamento-en-venta-en-miraflores-de-3-dormitorios-3-banios-212m2-area-980000-usd-de-peru-luxury-properties-146299,babilonia
130470,775000.0,258.0,4.0,4.0,,,-12.1291918,-77.0289245,Miraflores,Departamento,https://babilonia.pe/inmueble/departamento-en-venta-en-miraflores-de-4-dormitorios-4-banios-258m2-area-775000-usd-de-inmobiliaria-cornejo-and-asociados-130470,babilonia
106222,1320000.0,454.0,4.0,6.0,,,-12.1003039,-77.0358019,San Isidro,Departamento,https://babilonia.pe/inmueble/departamento-en-venta-en-san-isidro-de-4-dormitorios-6-banios-454m2-area-1320000-usd-de-inmobiliaria-olivari-106222,babilonia
117992,1700000.0,427.0,2.0,2.0,,,-12.1038193,-77.042412,San Isidro,Departamento,https://babilonia.pe/inmueble/departamento-en-venta-en-san-isidro-de-2-dormitorios-2-banios-427m2-area-1700000-usd-de-inmobideal-peru-117992,babilonia
128707,1395000.0,454.0,4.0,4.0,,,-12.0999791,-77.0358693,San Isidro,Departamento,https://babilonia.pe/inmueble/departamento-en-venta-en-san-isidro-de-4-dormitorios-4-banios-454m2-area-1395000-usd-de-l-and-e-inmobiland-128707,babilonia
91518,1430000.0,735.0,4.0,4.0,,,-12.1182842,-76.96864169999999,Santiago De Surco,Departamento,https://babilonia.pe/inmueble/departamento-en-venta-en-santiago-de-surco-de-4-dormitorios-4-banios-735m2-area-1430000-usd-de-male-y-maika-pazos-91518,babilonia
118343,1750000.0,505.0,3.0,3.0,,,-12.1510425,-77.0218813,Barranco,Departamento,https://babilonia.pe/inmueble/departamento-en-venta-en-barranco-de-3-dormitorios-3-banios-505m2-area-1750000-usd-de-male-y-maika-pazos-118343,babilonia
114196,1047400.0,327.0,3.0,3.0,,,-12.1411508,-77.0221186,Barranco,Departamento,https://babilonia.pe/inmueble/departamento-en-venta-en-barranco-de-3-dormitorios-3-banios-327m2-area-1047400-usd-de-arquitectura-inmobiliaria-real-estate-114196,babilonia
113965,1900000.0,668.0,4.0,4.0,,,-12.1523205,-77.02344459999999,Barranco,Departamento,https://babilonia.pe/inmueble/departamento-en-venta-en-barranco-de-4-dormitorios-4-banios-668m2-area-1900000-usd-de-aicardi-propiedades-113965,babilonia
142258,1555000.0,415.0,4.0,5.0,,,-12.1276896,-77.0354473,Miraflores,Departamento,https://babilonia.pe/inmueble/departamento-en-venta-en-miraflores-de-4-dormitorios-5-banios-415m2-area-1555000-usd-de-peru-luxury-properties-142258,babilonia
142825,1095500.0,261.0,3.0,3.0,,,-12.1036835623,-77.0504326854,San Isidro,Departamento,https://babilonia.pe/inmueble/departamento-en-venta-en-san-isidro-de-3-dormitorios-3-banios-261m2-area-1095500-usd-de-mier-y-teran-asociados-agentes-inmobiliarios-142825,babilonia
146245,1079000.0,279.0,2.0,2.0,,,-11.9368351,-77.0525448,San Isidro,Departamento,https://babilonia.pe/inmueble/departamento-en-venta-en-san-isidro-de-2-dormitorios-2-banios-279m2-area-1079000-usd-de-mg-consulting-146245,babilonia
136272,1000000.0,200.0,3.0,3.0,,,-12.0997838,-77.0421586,San Isidro,Departamento,https://babilonia.pe/inmueble/departamento-en-venta-en-san-isidro-de-3-dormitorios-3-banios-200m2-area-1000000-usd-de-peru-luxury-properties-136272,babilonia
53485,1150000.0,439.0,4.0,,,,-12.0954443,-76.9947088,San Borja,Departamento,https://babilonia.pe/inmueble/departamento-en-venta-en-san-borja-de-4-dormitorios-439m2-area-1150000-usd-de-gracey-inmobiliaria-53485,babilonia
136617,1054000.0,441.0,4.0,4.0,,,-12.0888221,-76.9723152,Santiago De Surco,Departamento,https://babilonia.pe/inmueble/departamento-en-venta-en-santiago-de-surco-de-4-dormitorios-4-banios-441m2-area-1054000-usd-de-vivencias-real-estate-136617,babilonia
126910,1500000.0,560.0,3.0,4.0,,,-12.1392643,-77.026046,Barranco,Departamento,https://babilonia.pe/inmueble/departamento-en-venta-en-barranco-de-3-dormitorios-4-banios-560m2-area-1500000-usd-de-gm-propiedades-inmobiliarias-126910,babilonia
149829,1140000.0,318.0,4.0,4.0,,,-12.0970121,-77.044657,San Isidro,Departamento,https://babilonia.pe/inmueble/departamento-en-venta-en-san-isidro-de-4-dormitorios-4-banios-318m2-area-1140000-usd-de-francisco-viteri-propiedades-149829,babilonia
143169,1490000.0,311.0,4.0,5.0,,,-12.1029764,-77.0491901,San Borja,Departamento,https://babilonia.pe/inmueble/departamento-en-venta-en-san-borja-de-4-dormitorios-5-banios-311m2-area-1490000-usd-de-peru-luxury-properties-143169,babilonia
142829,1009000.0,271.0,3.0,3.0,,,-12.1036835623,-77.0504326854,San Isidro,Departamento,https://babilonia.pe/inmueble/departamento-en-venta-en-san-isidro-de-3-dormitorios-3-banios-271m2-area-1009000-usd-de-mier-y-teran-asociados-agentes-inmobiliarios-142829,babilonia
116047,1074000.0,212.0,3.0,3.0,,,-12.1276896,-77.0354473,Miraflores,Departamento,https://babilonia.pe/inmueble/departamento-en-venta-en-miraflores-de-3-dormitorios-3-banios-212m2-area-1074000-usd-de-dpl-partners-116047,babilonia
146129,38000.0,57.0,3.0,2.0,,,-11.8484236,-77.0883739,Puente Piedra,Departamento,https://babilonia.pe/inmueble/departamento-en-venta-en-puente-piedra-de-3-dormitorios-2-banios-57m2-area-38000-usd-de-remax-smart-146129,babilonia
148116,65000.0,63.0,3.0,2.0,,,-12.1927246,-77.0037691,Chorrillos,Departamento,https://babilonia.pe/inmueble/departamento-en-venta-en-chorrillos-de-3-dormitorios-2-banios-63m2-area-65000-usd-de-saavac-inmobiliaria-148116,babilonia
148237,63500.0,70.0,3.0,2.0,,,-12.2067174,-76.936477,Villa El Salvador,Departamento,https://babilonia.pe/inmueble/departamento-en-venta-en-villa-el-salvador-de-3-dormitorios-2-banios-70m2-area-63500-usd-de-carola-diaz-inmobiliaria-148237,babilonia
150910,70000.0,79.0,3.0,1.0,,,-11.9690766,-77.0742994,Los Olivos,Departamento,https://babilonia.pe/inmueble/departamento-en-venta-en-los-olivos-de-3-dormitorios-1-banios-79m2-area-70000-usd-de-lima-casas-150910,babilonia
99253,60000.0,75.0,2.0,1.0,,,-12.0691439,-77.0203021,La Victoria,Departamento,https://babilonia.pe/inmueble/departamento-en-venta-en-la-victoria-de-2-dormitorios-1-banios-75m2-area-60000-usd-de-crecer-inmobiliaria-99253,babilonia
139694,69900.0,81.0,2.0,1.0,,,-11.994190216064453,-77.00630187988281,San Juan De Lurigancho,Departamento,https://babilonia.pe/inmueble/departamento-en-venta-en-san-juan-de-lurigancho-de-2-dormitorios-1-banios-81m2-area-69900-usd-de-selecta-inmobiliaria-139694,babilonia
130893,99000.0,74.0,2.0,2.0,,,-12.0641286,-76.9482017,La Molina,Departamento,https://babilonia.pe/inmueble/departamento-en-venta-en-la-molina-de-2-dormitorios-2-banios-74m2-area-99000-usd-de-renta-con-nosotros-130893,babilonia
146263,100000.0,77.0,3.0,,,,-12.0781065,-76.97806419999999,Ate,Departamento,https://babilonia.pe/inmueble/departamento-en-venta-en-ate-de-3-dormitorios-77m2-area-100000-usd-de-remax-enterprise-146263,babilonia
150684,78000.0,72.0,2.0,1.0,,,-12.0557372,-77.0786373,Cercado De Lima,Departamento,https://babilonia.pe/inmueble/departamento-en-venta-en-cercado-de-lima-de-2-dormitorios-1-banios-72m2-area-78000-usd-de-v-and-m-house-150684,babilonia
137067,95300.0,55.0,2.0,1.0,,,-12.0463634,-77.04274269999999,Breña,Departamento,https://babilonia.pe/inmueble/departamento-en-venta-en-brena-de-2-dormitorios-1-banios-55m2-area-95300-usd-de-dpl-partners-137067,babilonia
130958,120000.0,108.0,3.0,2.0,,,-12.1657315,-76.99867239999999,Santiago De Surco,Departamento,https://babilonia.pe/inmueble/departamento-en-venta-en-santiago-de-surco-de-3-dormitorios-2-banios-108m2-area-120000-usd-de-Norma-Monica-Lazaro-Torres-130958,babilonia
142801,109000.0,90.0,3.0,2.0,,,-12.179343,-77.0005903,Chorrillos,Departamento,https://babilonia.pe/inmueble/departamento-en-venta-en-chorrillos-de-3-dormitorios-2-banios-90m2-area-109000-usd-de-inmobiliaria-golden-peru-142801,babilonia
144540,110000.0,50.0,2.0,1.0,,,-12.1239516,-77.0007231,Surquillo,Departamento,https://babilonia.pe/inmueble/departamento-en-venta-en-surquillo-de-2-dormitorios-1-banios-50m2-area-110000-usd-de-remax-iron-144540,babilonia
93438,153000.0,78.0,3.0,2.0,,,-12.0877359,-77.0470663,Lince,Departamento,https://babilonia.pe/inmueble/departamento-en-venta-en-lince-de-3-dormitorios-2-banios-78m2-area-153000-usd-de-inmobiliaria-cornejo-and-asociados-93438,babilonia
141663,150000.0,60.0,2.0,2.0,,,-12.0948486,-77.0589031,Magdalena Del Mar,Departamento,https://babilonia.pe/inmueble/departamento-en-venta-en-magdalena-del-mar-de-2-dormitorios-2-banios-60m2-area-150000-usd-de-remax-united-141663,babilonia
144938,158000.0,97.0,2.0,2.0,,,-12.1115245,-77.02251439999999,Surquillo,Departamento,https://babilonia.pe/inmueble/departamento-en-venta-en-surquillo-de-2-dormitorios-2-banios-97m2-area-158000-usd-de-ziom-grupo-inmobiliario-sac-144938,babilonia
99482,165000.0,97.0,3.0,2.0,,,-12.110241889953613,-77.05133056640625,Magdalena Del Mar,Departamento,https://babilonia.pe/inmueble/departamento-en-venta-en-magdalena-del-mar-de-3-dormitorios-2-banios-97m2-area-165000-usd-de-castelino-99482,babilonia
143091,195000.0,144.0,2.0,2.0,,,-12.1028694,-77.0069098,San Borja,Departamento,https://babilonia.pe/inmueble/departamento-en-venta-en-san-borja-de-2-dormitorios-2-banios-144m2-area-195000-usd-de-gyg-new-life-inmobiliaria-143091,babilonia
149086,197500.0,83.0,3.0,3.0,,,-12.0820686,-77.0446015,Jesus Maria,Departamento,https://babilonia.pe/inmueble/departamento-en-venta-en-jesus-maria-de-3-dormitorios-3-banios-83m2-area-197500-usd-de-patricia-lopez-149086,babilonia
142709,275000.0,397.0,3.0,4.0,,,-12.1136202,-76.976187,Santiago De Surco,Departamento,https://babilonia.pe/inmueble/departamento-en-venta-en-santiago-de-surco-de-3-dormitorios-4-banios-397m2-area-275000-usd-de-inmobiliaria-golden-peru-142709,babilonia
122921,36549.0,57.0,3.0,2.0,,,-11.849341,-77.0878365,Puente Piedra,Departamento,https://babilonia.pe/inmueble/departamento-en-venta-en-puente-piedra-de-3-dormitorios-2-banios-57m2-area-36549-usd-de-remax-experiencia-inmobiliaria-122921,babilonia
149957,40000.0,50.0,3.0,1.0,,,-11.9280971,-77.0592221,Comas,Departamento,https://babilonia.pe/inmueble/departamento-en-venta-en-comas-de-3-dormitorios-1-banios-50m2-area-40000-usd-de-remax-family-149957,babilonia
136080,55000.0,109.0,3.0,2.0,,,-11.8586281,-77.035577,Carabayllo,Departamento,https://babilonia.pe/inmueble/departamento-en-venta-en-carabayllo-de-3-dormitorios-2-banios-109m2-area-55000-usd-de-honne-inmobiliaria-136080,babilonia
147856,65000.0,140.0,5.0,2.0,,,-12.0074079,-76.9975797,San Juan De Lurigancho,Departamento,https://babilonia.pe/inmueble/departamento-en-venta-en-san-juan-de-lurigancho-de-5-dormitorios-2-banios-140m2-area-65000-usd-de-inmobiliaria-galls-bienes-raices-147856,babilonia
150441,69000.0,111.0,5.0,2.0,,,-11.961915,-77.0720027,Los Olivos,Departamento,https://babilonia.pe/inmueble/departamento-en-venta-en-los-olivos-de-5-dormitorios-2-banios-111m2-area-69000-usd-de-remax-enterprise-150441,babilonia
146032,47200.0,62.0,3.0,2.0,,,-12.2090008,-76.96815149999999,Villa El Salvador,Departamento,https://babilonia.pe/inmueble/departamento-en-venta-en-villa-el-salvador-de-3-dormitorios-2-banios-62m2-area-47200-usd-de-dedois-inmobiliaria-146032,babilonia
95461,48000.0,57.0,3.0,1.0,,,-11.9280971,-77.0592221,Comas,Departamento,https://babilonia.pe/inmueble/departamento-en-venta-en-comas-de-3-dormitorios-1-banios-57m2-area-48000-usd-de-lima-houses-95461,babilonia
148364,86000.0,114.0,3.0,2.0,,,-12.034000026142408,-77.0861857150276,San Martin De Porres,Departamento,https://babilonia.pe/inmueble/departamento-en-venta-en-san-martin-de-porres-de-3-dormitorios-2-banios-114m2-area-86000-usd-de-remax-experiencia-inmobiliaria-148364,babilonia
142873,98550.0,146.0,3.0,2.0,,,-12.1583965,-76.989765,Santiago De Surco,Departamento,https://babilonia.pe/inmueble/departamento-en-venta-en-santiago-de-surco-de-3-dormitorios-2-banios-146m2-area-98550-usd-de-Lourdes-Dominguez-142873,babilonia
146329,89000.0,70.0,3.0,2.0,,,-12.055536,-77.0547362,Breña,Departamento,https://babilonia.pe/inmueble/departamento-en-venta-en-brena-de-3-dormitorios-2-banios-70m2-area-89000-usd-de-todo-inmuebles-146329,babilonia
140186,80000.0,75.0,3.0,2.0,,,-12.1417953,-77.0095001,Santiago De Surco,Departamento,https://babilonia.pe/inmueble/departamento-en-venta-en-santiago-de-surco-de-3-dormitorios-2-banios-75m2-area-80000-usd-de-gigipropiedades-140186,babilonia
109315,98870.0,86.0,3.0,2.0,,,-12.0740035,-77.0869318,San Miguel,Departamento,https://babilonia.pe/inmueble/departamento-en-venta-en-san-miguel-de-3-dormitorios-2-banios-86m2-area-98870-usd-de-remax-centenario-109315,babilonia
140702,94000.0,67.0,3.0,2.0,,,-12.177376,-77.0022469,Chorrillos,Departamento,https://babilonia.pe/inmueble/departamento-en-venta-en-chorrillos-de-3-dormitorios-2-banios-67m2-area-94000-usd-de-remax-iron-140702,babilonia
148397,112999.0,68.0,3.0,2.0,,,-12.1790554,-77.00040790000001,Chorrillos,Departamento,https://babilonia.pe/inmueble/departamento-en-venta-en-chorrillos-de-3-dormitorios-2-banios-68m2-area-112999-usd-de-reta-inmobiliaria--148397,babilonia
143153,120000.0,218.0,4.0,3.0,,,-11.9690789,-76.80073010000001,Lurigancho,Departamento,https://babilonia.pe/inmueble/departamento-en-venta-en-lurigancho-de-4-dormitorios-3-banios-218m2-area-120000-usd-de-melo-panana-angela-margot-143153,babilonia
144552,110000.0,119.0,3.0,3.0,,,-12.1234772,-77.0011644,Surquillo,Departamento,https://babilonia.pe/inmueble/departamento-en-venta-en-surquillo-de-3-dormitorios-3-banios-119m2-area-110000-usd-de-yauri-vega-claudia-veronica-144552,babilonia
126225,118000.0,109.0,3.0,2.0,,,-12.0649207,-77.104911,La Perla,Departamento,https://babilonia.pe/inmueble/departamento-en-venta-en-la-perla-de-3-dormitorios-2-banios-109m2-area-118000-usd-de-agurto-valdez-juan-nestor-126225,babilonia
150742,124000.0,80.0,3.0,2.0,,,-12.071816,-77.1002753,San Miguel,Departamento,https://babilonia.pe/inmueble/departamento-en-venta-en-san-miguel-de-3-dormitorios-2-banios-80m2-area-124000-usd-de-redcai-150742,babilonia
147659,120000.0,136.0,3.0,2.0,,,-12.0607315891,-76.9386593159,Ate,Departamento,https://babilonia.pe/inmueble/departamento-en-venta-en-ate-de-3-dormitorios-2-banios-136m2-area-120000-usd-de-inmobiliaria-concept-147659,babilonia
131643,131695.0,78.0,3.0,1.0,,,-12.0715326,-77.06149119999999,Pueblo Libre,Departamento,https://babilonia.pe/inmueble/departamento-en-venta-en-pueblo-libre-de-3-dormitorios-1-banios-78m2-area-131695-usd-de-cesar-augusto-131643,babilonia
149633,132500.0,77.0,3.0,2.0,,,-12.0757429,-77.0901532,San Miguel,Departamento,https://babilonia.pe/inmueble/departamento-en-venta-en-san-miguel-de-3-dormitorios-2-banios-77m2-area-132500-usd-de-lien-boutique-inmobiliaria-149633,babilonia
147199,155000.0,107.0,3.0,3.0,,,-12.1143719,-77.004623,Surquillo,Departamento,https://babilonia.pe/inmueble/departamento-en-venta-en-surquillo-de-3-dormitorios-3-banios-107m2-area-155000-usd-de-JOSE-147199,babilonia
132736,138000.0,100.0,3.0,2.0,,,-12.0741631,-77.0791351,San Miguel,Departamento,https://babilonia.pe/inmueble/departamento-en-venta-en-san-miguel-de-3-dormitorios-2-banios-100m2-area-138000-usd-de-cylcorp-inmobiliaria-132736,babilonia
128499,159000.0,96.0,3.0,2.0,,,-12.0885367,-76.9811609,Santiago De Surco,Departamento,https://babilonia.pe/inmueble/departamento-en-venta-en-santiago-de-surco-de-3-dormitorios-2-banios-96m2-area-159000-usd-de-titi-yrivarren-agente-128499,babilonia
146789,175000.0,102.0,3.0,2.0,,,-12.1011214,-76.9376299,La Molina,Departamento,https://babilonia.pe/inmueble/departamento-en-venta-en-la-molina-de-3-dormitorios-2-banios-102m2-area-175000-usd-de-oikos-grupo-inmobiliario-146789,babilonia
149183,190000.0,116.0,3.0,2.0,,,-12.0821813,-77.0472636,Jesus Maria,Departamento,https://babilonia.pe/inmueble/departamento-en-venta-en-jesus-maria-de-3-dormitorios-2-banios-116m2-area-190000-usd-de-connection-inmobiliaria-boutique-149183,babilonia
120228,172000.0,82.0,3.0,2.0,,,-12.1391495,-77.01873239999999,Barranco,Departamento,https://babilonia.pe/inmueble/departamento-en-venta-en-barranco-de-3-dormitorios-2-banios-82m2-area-172000-usd-de-luiggi-beretta-agente-120228,babilonia
145772,170000.0,143.0,3.0,2.0,,,-12.182591,-76.9435192,Villa Maria Del Triunfo,Departamento,https://babilonia.pe/inmueble/departamento-en-venta-en-villa-maria-del-triunfo-de-3-dormitorios-2-banios-143m2-area-170000-usd-de-opcion-uno-inmobiliaria-145772,babilonia
95593,179649.0,137.0,4.0,4.0,,,-12.056923,-77.079206,Cercado De Lima,Departamento,https://babilonia.pe/inmueble/departamento-en-venta-en-cercado-de-lima-de-4-dormitorios-4-banios-137m2-area-179649-usd-de-inmobiliaria-cornejo-and-asociados-95593,babilonia
139668,200000.0,149.0,3.0,2.0,,,-12.0991585,-76.96472519999999,Santiago De Surco,Departamento,https://babilonia.pe/inmueble/departamento-en-venta-en-santiago-de-surco-de-3-dormitorios-2-banios-149m2-area-200000-usd-de-Paola-Milagros-Manrique-Arana-139668,babilonia
136629,160000.0,148.0,5.0,2.0,,,-12.107605336316935,-77.04889131244201,San Isidro,Departamento,https://babilonia.pe/inmueble/departamento-en-venta-en-san-isidro-de-5-dormitorios-2-banios-148m2-area-160000-usd-de-remax-experiencia-inmobiliaria-136629,babilonia
146889,219600.0,150.0,4.0,2.0,,,-12.0937274,-77.0331769,San Isidro,Departamento,https://babilonia.pe/inmueble/departamento-en-venta-en-san-isidro-de-4-dormitorios-2-banios-150m2-area-219600-usd-de-maria-isabel-salazar-agente-146889,babilonia
135996,220000.0,153.0,3.0,2.0,,,-12.1136202,-76.976187,Santiago De Surco,Departamento,https://babilonia.pe/inmueble/departamento-en-venta-en-santiago-de-surco-de-3-dormitorios-2-banios-153m2-area-220000-usd-de-titi-yrivarren-agente-135996,babilonia
140845,212000.0,110.0,3.0,4.0,,,-12.1253466,-76.9778994,Santiago De Surco,Departamento,https://babilonia.pe/inmueble/departamento-en-venta-en-santiago-de-surco-de-3-dormitorios-4-banios-110m2-area-212000-usd-de-dedois-inmobiliaria-140845,babilonia
136572,228500.0,92.0,3.0,2.0,,,-12.1145088,-77.0285767,Miraflores,Departamento,https://babilonia.pe/inmueble/departamento-en-venta-en-miraflores-de-3-dormitorios-2-banios-92m2-area-228500-usd-de-inmobideal-peru-136572,babilonia
140438,210000.0,135.0,4.0,4.0,,,-12.3344607,-76.826989,Punta Hermosa,Departamento,https://babilonia.pe/inmueble/departamento-en-venta-en-punta-hermosa-de-4-dormitorios-4-banios-135m2-area-210000-usd-de--140438,babilonia
143608,212000.0,106.0,3.0,2.0,,,-12.1306992,-77.0219469,Miraflores,Departamento,https://babilonia.pe/inmueble/departamento-en-venta-en-miraflores-de-3-dormitorios-2-banios-106m2-area-212000-usd-de-lien-boutique-inmobiliaria-143608,babilonia
145998,285000.0,145.0,3.0,3.0,,,-12.1250393,-77.0187979,Miraflores,Departamento,https://babilonia.pe/inmueble/departamento-en-venta-en-miraflores-de-3-dormitorios-3-banios-145m2-area-285000-usd-de-taty-hoyos-agente-145998,babilonia
131599,251000.0,132.0,4.0,3.0,,,-12.1298625,-76.9884922,Santiago De Surco,Departamento,https://babilonia.pe/inmueble/departamento-en-venta-en-santiago-de-surco-de-4-dormitorios-3-banios-132m2-area-251000-usd-de-nongrados-cordova-rosa-maria-131599,babilonia
113545,255000.0,179.0,3.0,3.0,,,-12.1184706,-76.9963386,Santiago De Surco,Departamento,https://babilonia.pe/inmueble/departamento-en-venta-en-santiago-de-surco-de-3-dormitorios-3-banios-179m2-area-255000-usd-de-bb-peru-113545,babilonia
147580,298000.0,156.0,3.0,3.0,,,-12.1103404,-76.9806639,Cercado De Lima,Departamento,https://babilonia.pe/inmueble/departamento-en-venta-en-cercado-de-lima-de-3-dormitorios-3-banios-156m2-area-298000-usd-de-peru-bienes-raices-147580,babilonia
93153,355000.0,190.0,5.0,4.0,,,-12.1411508,-77.0221186,Barranco,Departamento,https://babilonia.pe/inmueble/departamento-en-venta-en-barranco-de-5-dormitorios-4-banios-190m2-area-355000-usd-de-sara-braithwaite-93153,babilonia
147577,330000.0,198.0,3.0,3.0,,,-12.1265382,-77.0326576,Miraflores,Departamento,https://babilonia.pe/inmueble/departamento-en-venta-en-miraflores-de-3-dormitorios-3-banios-198m2-area-330000-usd-de-selecta-inmobiliaria-147577,babilonia
142368,850000.0,280.0,4.0,3.0,,,-12.1090636,-77.0313748,Miraflores,Departamento,https://babilonia.pe/inmueble/departamento-en-venta-en-miraflores-de-4-dormitorios-3-banios-280m2-area-850000-usd-de-peru-luxury-properties-142368,babilonia
144945,1200000.0,500.0,4.0,4.0,,,-12.0989901,-77.0392353,San Isidro,Departamento,https://babilonia.pe/inmueble/departamento-en-venta-en-san-isidro-de-4-dormitorios-4-banios-500m2-area-1200000-usd-de-val-housing-144945,babilonia
144093,1090000.0,683.0,3.0,5.0,,,-12.1656939,-77.0259424,Chorrillos,Departamento,https://babilonia.pe/inmueble/departamento-en-venta-en-chorrillos-de-3-dormitorios-5-banios-683m2-area-1090000-usd-de-corretaje-pelusa-144093,babilonia
128972,55000.0,43.0,5.0,1.0,,,-12.0546667,-77.0427677,Breña,Departamento,https://babilonia.pe/inmueble/departamento-en-venta-en-brena-de-5-dormitorios-1-banios-43m2-area-55000-usd-de-lima-houses-128972,babilonia
150854,57000.0,122.0,4.0,2.0,,,-11.8474,-77.0984845,Puente Piedra,Departamento,https://babilonia.pe/inmueble/departamento-en-venta-en-puente-piedra-de-4-dormitorios-2-banios-122m2-area-57000-usd-de-jmo-inmobiliaria-150854,babilonia
149148,60600.0,131.0,6.0,2.0,,,-11.9550586,-77.0458343,Comas,Departamento,https://babilonia.pe/inmueble/departamento-en-venta-en-comas-de-6-dormitorios-2-banios-131m2-area-60600-usd-de-remax-smart-149148,babilonia
124617,60600.0,134.0,6.0,2.0,,,-11.9549897,-77.0457974,Comas,Departamento,https://babilonia.pe/inmueble/departamento-en-venta-en-comas-de-6-dormitorios-2-banios-134m2-area-60600-usd-de-remax-smart-124617,babilonia
88022,65000.0,90.0,4.0,2.0,,,-12.0291826,-77.0437034,Rimac,Departamento,https://babilonia.pe/inmueble/departamento-en-venta-en-rimac-de-4-dormitorios-2-banios-90m2-area-65000-usd-de-luiggi-beretta-agente-88022,babilonia
146229,55000.0,123.0,4.0,2.0,,,-11.853788999871641,-77.07468204100037,Puente Piedra,Departamento,https://babilonia.pe/inmueble/departamento-en-venta-en-puente-piedra-de-4-dormitorios-2-banios-123m2-area-55000-usd-de-remax-smart-146229,babilonia
140555,82000.0,101.0,4.0,2.0,,,-11.91116568610531,-77.03951528332824,Comas,Departamento,https://babilonia.pe/inmueble/departamento-en-venta-en-comas-de-4-dormitorios-2-banios-101m2-area-82000-usd-de-remax-pro-140555,babilonia
150451,85000.0,115.0,4.0,2.0,,,-11.9562819,-77.0751873,Los Olivos,Departamento,https://babilonia.pe/inmueble/departamento-en-venta-en-los-olivos-de-4-dormitorios-2-banios-115m2-area-85000-usd-de-remax-enterprise-150451,babilonia
143287,75000.0,104.0,5.0,2.0,,,-11.8618945,-77.1233549,Mi Peru,Departamento,https://babilonia.pe/inmueble/departamento-en-venta-en-mi-peru-de-5-dormitorios-2-banios-104m2-area-75000-usd-de-dedois-inmobiliaria-143287,babilonia
138686,98000.0,96.0,4.0,2.0,,,-12.0142991,-77.07188909999999,San Martin De Porres,Departamento,https://babilonia.pe/inmueble/departamento-en-venta-en-san-martin-de-porres-de-4-dormitorios-2-banios-96m2-area-98000-usd-de-remax-family-138686,babilonia
139967,84900.0,147.0,4.0,2.0,,,-11.902038745730207,-77.05960721777475,Comas,Departamento,https://babilonia.pe/inmueble/departamento-en-venta-en-comas-de-4-dormitorios-2-banios-147m2-area-84900-usd-de-remax-casa-inmobiliaria-139967,babilonia
136477,95000.0,108.0,4.0,2.0,,,-11.9654344,-77.08073139999999,Los Olivos,Departamento,https://babilonia.pe/inmueble/departamento-en-venta-en-los-olivos-de-4-dormitorios-2-banios-108m2-area-95000-usd-de-remax-vision-136477,babilonia
138741,95000.0,82.0,5.0,3.0,,,-12.0763499,-77.0334348,Cercado De Lima,Departamento,https://babilonia.pe/inmueble/departamento-en-venta-en-cercado-de-lima-de-5-dormitorios-3-banios-82m2-area-95000-usd-de-camino-real-inmobiliaria-138741,babilonia
144115,82000.0,115.0,5.0,3.0,,,-11.927576679850043,-77.06016072457567,Comas,Departamento,https://babilonia.pe/inmueble/departamento-en-venta-en-comas-de-5-dormitorios-3-banios-115m2-area-82000-usd-de-remax-enterprise-144115,babilonia
138111,99000.0,143.0,4.0,2.0,,,-12.013925572376936,-77.0903734081787,Callao,Departamento,https://babilonia.pe/inmueble/departamento-en-venta-en-callao-de-4-dormitorios-2-banios-143m2-area-99000-usd-de-remax-family-138111,babilonia
143754,75000.0,136.0,5.0,2.0,,,-12.19694342358209,-76.96007450817757,Villa El Salvador,Departamento,https://babilonia.pe/inmueble/departamento-en-venta-en-villa-el-salvador-de-5-dormitorios-2-banios-136m2-area-75000-usd-de-remax-casa-inmobiliaria-143754,babilonia
138689,96000.0,96.0,4.0,2.0,,,-12.0142991,-77.07188909999999,San Martin De Porres,Departamento,https://babilonia.pe/inmueble/departamento-en-venta-en-san-martin-de-porres-de-4-dormitorios-2-banios-96m2-area-96000-usd-de-remax-family-138689,babilonia
148763,115000.0,85.0,4.0,2.0,,,-12.1663872,-76.988805,Santiago De Surco,Departamento,https://babilonia.pe/inmueble/departamento-en-venta-en-santiago-de-surco-de-4-dormitorios-2-banios-85m2-area-115000-usd-de-Lourdes-Dominguez-148763,babilonia
144009,110000.0,117.0,4.0,2.0,,,-12.0917352,-77.0777229,San Miguel,Departamento,https://babilonia.pe/inmueble/departamento-en-venta-en-san-miguel-de-4-dormitorios-2-banios-117m2-area-110000-usd-de-remax-iron-144009,babilonia
91801,125000.0,147.0,4.0,3.0,,,-12.018978,-77.0586051,San Martin De Porres,Departamento,https://babilonia.pe/inmueble/departamento-en-venta-en-san-martin-de-porres-de-4-dormitorios-3-banios-147m2-area-125000-usd-de-bertha-teodomira-alegria-cabrera--91801,babilonia
144315,104900.0,115.0,4.0,3.0,,,-11.92653969273061,-77.05980695424499,Comas,Departamento,https://babilonia.pe/inmueble/departamento-en-venta-en-comas-de-4-dormitorios-3-banios-115m2-area-104900-usd-de-remax-smart-144315,babilonia
145699,120000.0,272.0,7.0,2.0,,,-12.06034955,-77.12957565,Callao,Departamento,https://babilonia.pe/inmueble/departamento-en-venta-en-callao-de-7-dormitorios-2-banios-272m2-area-120000-usd-de-mak-soluciones-inmobiliarias-145699,babilonia
144314,104900.0,115.0,4.0,3.0,,,-11.92653969273061,-77.05980695424499,Comas,Departamento,https://babilonia.pe/inmueble/departamento-en-venta-en-comas-de-4-dormitorios-3-banios-115m2-area-104900-usd-de-remax-smart-144314,babilonia
148878,119000.0,111.0,4.0,2.0,,,-12.1657718,-76.99778049999999,Santiago De Surco,Departamento,https://babilonia.pe/inmueble/departamento-en-venta-en-santiago-de-surco-de-4-dormitorios-2-banios-111m2-area-119000-usd-de-remax-pro-148878,babilonia
150524,114369.0,112.0,4.0,2.0,,,-12.0087979,-77.0547122,San Martin De Porres,Departamento,https://babilonia.pe/inmueble/departamento-en-venta-en-san-martin-de-porres-de-4-dormitorios-2-banios-112m2-area-114369-usd-de-remax-elite-150524,babilonia
148446,119000.0,123.0,5.0,2.0,,,-12.1148146,-77.0272166,Pueblo Libre,Departamento,https://babilonia.pe/inmueble/departamento-en-venta-en-pueblo-libre-de-5-dormitorios-2-banios-123m2-area-119000-usd-de-exclusiva-real-estate-148446,babilonia
139371,130000.0,150.0,4.0,3.0,,,-12.0070665,-77.0729954,Los Olivos,Departamento,https://babilonia.pe/inmueble/departamento-en-venta-en-los-olivos-de-4-dormitorios-3-banios-150m2-area-130000-usd-de-remax-iron-139371,babilonia
145622,125000.0,151.0,4.0,3.0,,,-11.9904764,-77.0068157,San Juan De Lurigancho,Departamento,https://babilonia.pe/inmueble/departamento-en-venta-en-san-juan-de-lurigancho-de-4-dormitorios-3-banios-151m2-area-125000-usd-de-Horizon-Global-Real-Estate-145622,babilonia
144512,119000.0,77.0,4.0,2.0,,,-12.1405184,-77.0120878,Santiago De Surco,Departamento,https://babilonia.pe/inmueble/departamento-en-venta-en-santiago-de-surco-de-4-dormitorios-2-banios-77m2-area-119000-usd-de-remax-iron-144512,babilonia
133976,112000.0,126.0,4.0,3.0,,,-12.042811744978025,-76.928939477771,Ate,Departamento,https://babilonia.pe/inmueble/departamento-en-venta-en-ate-de-4-dormitorios-3-banios-126m2-area-112000-usd-de-remax-enterprise-133976,babilonia
127195,118900.0,83.0,4.0,2.0,,,-12.1648832,-76.9882575,Santiago De Surco,Departamento,https://babilonia.pe/inmueble/departamento-en-venta-en-santiago-de-surco-de-4-dormitorios-2-banios-83m2-area-118900-usd-de-remax-pro-127195,babilonia
103649,127000.0,148.0,4.0,4.0,,,-12.0384959,-76.92596499999999,Ate,Departamento,https://babilonia.pe/inmueble/departamento-en-venta-en-ate-de-4-dormitorios-4-banios-148m2-area-127000-usd-de-servicios-inmobiliarios-lima-103649,babilonia
139451,138000.0,115.0,4.0,2.0,,,-12.2009219,-77.0103584,Chorrillos,Departamento,https://babilonia.pe/inmueble/departamento-en-venta-en-chorrillos-de-4-dormitorios-2-banios-115m2-area-138000-usd-de-perez-garro-luz-josefina-139451,babilonia
145903,140000.0,120.0,4.0,2.0,,,-12.0749934,-76.9878622,Ate,Departamento,https://babilonia.pe/inmueble/departamento-en-venta-en-ate-de-4-dormitorios-2-banios-120m2-area-140000-usd-de-gestiones-exitosas--145903,babilonia
148310,140000.0,147.0,4.0,2.0,,,-12.07876,-77.00860829999999,San Luis,Departamento,https://babilonia.pe/inmueble/departamento-en-venta-en-san-luis-de-4-dormitorios-2-banios-147m2-area-140000-usd-de-mpm-anshin-eirl-148310,babilonia
112226,134000.0,112.0,4.0,3.0,,,-12.1861919,-77.0002397,Chorrillos,Departamento,https://babilonia.pe/inmueble/departamento-en-venta-en-chorrillos-de-4-dormitorios-3-banios-112m2-area-134000-usd-de-inmobiliaria-cornejo-and-asociados-112226,babilonia
140422,145000.0,140.0,5.0,2.0,,,-12.0762458,-76.9877582,Ate,Departamento,https://babilonia.pe/inmueble/departamento-en-venta-en-ate-de-5-dormitorios-2-banios-140m2-area-145000-usd-de-velazco-castro-tomas-marcos-jesus-140422,babilonia
148696,155000.0,150.0,4.0,3.0,,,-12.1456159,-76.99026750000002,Santiago De Surco,Departamento,https://babilonia.pe/inmueble/departamento-en-venta-en-santiago-de-surco-de-4-dormitorios-3-banios-150m2-area-155000-usd-de-ecka-inmobiliaria-148696,babilonia
136969,154000.0,179.0,4.0,3.0,,,-12.310355,-76.8410947,Lurin,Departamento,https://babilonia.pe/inmueble/departamento-en-venta-en-lurin-de-4-dormitorios-3-banios-179m2-area-154000-usd-de-yauri-vega-claudia-veronica-136969,babilonia
131192,135000.0,116.0,4.0,2.0,,,-12.2000154,-77.01039209999999,Chorrillos,Departamento,https://babilonia.pe/inmueble/departamento-en-venta-en-chorrillos-de-4-dormitorios-2-banios-116m2-area-135000-usd-de-perez-garro-luz-josefina-131192,babilonia
120423,134000.0,288.0,4.0,3.0,,,-12.0135328,-77.0917003,Callao,Departamento,https://babilonia.pe/inmueble/departamento-en-venta-en-callao-de-4-dormitorios-3-banios-288m2-area-134000-usd-de-LSG-Agentes-Inmobiliarios--120423,babilonia
134403,158000.0,183.0,4.0,3.0,,,-12.1164004,-76.9399583,La Molina,Departamento,https://babilonia.pe/inmueble/departamento-en-venta-en-la-molina-de-4-dormitorios-3-banios-183m2-area-158000-usd-de-remax-pro-134403,babilonia
147128,150000.0,119.0,4.0,4.0,,,-11.9983686,-77.08040919999999,Los Olivos,Departamento,https://babilonia.pe/inmueble/departamento-en-venta-en-los-olivos-de-4-dormitorios-4-banios-119m2-area-150000-usd-de-remax-smart-147128,babilonia
145619,145000.0,152.0,4.0,3.0,,,-11.9904764,-77.0068157,San Juan De Lurigancho,Departamento,https://babilonia.pe/inmueble/departamento-en-venta-en-san-juan-de-lurigancho-de-4-dormitorios-3-banios-152m2-area-145000-usd-de-Horizon-Global-Real-Estate-145619,babilonia
116127,152314.0,155.0,4.0,3.0,,,-12.0703103,-77.0348573,Cercado De Lima,Departamento,https://babilonia.pe/inmueble/departamento-en-venta-en-cercado-de-lima-de-4-dormitorios-3-banios-155m2-area-152314-usd-de-mier-y-teran-asociados-agentes-inmobiliarios-116127,babilonia
140065,175000.0,125.0,4.0,4.0,,,-12.1024327,-76.9559082,Santiago De Surco,Departamento,https://babilonia.pe/inmueble/departamento-en-venta-en-santiago-de-surco-de-4-dormitorios-4-banios-125m2-area-175000-usd-de-remax-centenario-140065,babilonia
117365,195000.0,345.0,5.0,3.0,,,-11.7724014,-77.1752999,Ancon,Departamento,https://babilonia.pe/inmueble/departamento-en-venta-en-ancon-de-5-dormitorios-3-banios-345m2-area-195000-usd-de-inmobideal-peru-117365,babilonia
71580,170000.0,87.0,4.0,2.0,,,-12.1173097,-77.0037334,Surquillo,Departamento,https://babilonia.pe/inmueble/departamento-en-venta-en-surquillo-de-4-dormitorios-2-banios-87m2-area-170000-usd-de-redcai-71580,babilonia
144268,200000.0,133.0,5.0,2.0,,,-12.061155,-77.0213004,La Victoria,Departamento,https://babilonia.pe/inmueble/departamento-en-venta-en-la-victoria-de-5-dormitorios-2-banios-133m2-area-200000-usd-de-remax-iron-144268,babilonia
146339,198000.0,165.0,4.0,3.0,,,-12.0716566,-77.0478731,Jesus Maria,Departamento,https://babilonia.pe/inmueble/departamento-en-venta-en-jesus-maria-de-4-dormitorios-3-banios-165m2-area-198000-usd-de-carol-lanseros-real-state-146339,babilonia
130281,180000.0,157.0,4.0,2.0,,,-12.1112745,-76.9421327,La Molina,Departamento,https://babilonia.pe/inmueble/departamento-en-venta-en-la-molina-de-4-dormitorios-2-banios-157m2-area-180000-usd-de-inmobideal-peru-130281,babilonia
141612,199000.0,225.0,4.0,2.0,,,-12.1217922,-77.001037,Surquillo,Departamento,https://babilonia.pe/inmueble/departamento-en-venta-en-surquillo-de-4-dormitorios-2-banios-225m2-area-199000-usd-de-c-and-c-asesores-inmobiliarios-141612,babilonia
149262,195000.0,175.0,4.0,3.0,,,-12.0784393,-77.0686056,Pueblo Libre,Departamento,https://babilonia.pe/inmueble/departamento-en-venta-en-pueblo-libre-de-4-dormitorios-3-banios-175m2-area-195000-usd-de-remax-united-149262,babilonia
136332,165000.0,93.0,4.0,2.0,,,-12.118398,-77.0077798,Surquillo,Departamento,https://babilonia.pe/inmueble/departamento-en-venta-en-surquillo-de-4-dormitorios-2-banios-93m2-area-165000-usd-de-remax-munay-136332,babilonia
90011,184000.0,90.0,4.0,2.0,,,-12.1173097,-77.0037334,Surquillo,Departamento,https://babilonia.pe/inmueble/departamento-en-venta-en-surquillo-de-4-dormitorios-2-banios-90m2-area-184000-usd-de-redcai-90011,babilonia
150111,188000.0,120.0,4.0,3.0,,,-12.0710078,-77.0625706,Pueblo Libre,Departamento,https://babilonia.pe/inmueble/departamento-en-venta-en-pueblo-libre-de-4-dormitorios-3-banios-120m2-area-188000-usd-de-alfredo-jose-samaniego-armas-150111,babilonia
132630,198000.0,180.0,5.0,4.0,,,-12.1281329,-76.9699605,Santiago De Surco,Departamento,https://babilonia.pe/inmueble/departamento-en-venta-en-santiago-de-surco-de-5-dormitorios-4-banios-180m2-area-198000-usd-de-Juan-Pablo-Uribe-Cordova-132630,babilonia
113145,205000.0,110.0,4.0,3.0,,,-12.3871637,-76.78225309999999,San Bartolo,Departamento,https://babilonia.pe/inmueble/departamento-en-venta-en-san-bartolo-de-4-dormitorios-3-banios-110m2-area-205000-usd-de-lima-grupo-inmobiliario-113145,babilonia
150414,220000.0,240.0,5.0,4.0,,,-12.0823894,-76.9721916,Surquillo,Departamento,https://babilonia.pe/inmueble/departamento-en-venta-en-surquillo-de-5-dormitorios-4-banios-240m2-area-220000-usd-de-mantyobras-sac-150414,babilonia
97004,240000.0,259.0,4.0,3.0,,,-12.08488387,-76.90360433,La Molina,Departamento,https://babilonia.pe/inmueble/departamento-en-venta-en-la-molina-de-4-dormitorios-3-banios-259m2-area-240000-usd-de-mak-soluciones-inmobiliarias-97004,babilonia
147007,240000.0,143.0,4.0,2.0,,,-12.1320853,-77.0048173,Santiago De Surco,Departamento,https://babilonia.pe/inmueble/departamento-en-venta-en-santiago-de-surco-de-4-dormitorios-2-banios-143m2-area-240000-usd-de-claudia-gonzalez-agente-inmobiliario-147007,babilonia
141339,226000.0,147.0,4.0,4.0,,,-12.116823,-77.01458939999999,Surquillo,Departamento,https://babilonia.pe/inmueble/departamento-en-venta-en-surquillo-de-4-dormitorios-4-banios-147m2-area-226000-usd-de-Johana-Rubinos-141339,babilonia
148295,240000.0,172.0,4.0,3.0,,,-12.0868933,-77.0930561,San Miguel,Departamento,https://babilonia.pe/inmueble/departamento-en-venta-en-san-miguel-de-4-dormitorios-3-banios-172m2-area-240000-usd-de-fiorella-rodriguez-agente-inmobiliario-148295,babilonia
87785,210000.0,135.0,4.0,3.0,,,-12.152629,-77.0232296,Barranco,Departamento,https://babilonia.pe/inmueble/departamento-en-venta-en-barranco-de-4-dormitorios-3-banios-135m2-area-210000-usd-de-titi-yrivarren-agente-87785,babilonia
123199,210000.0,143.0,4.0,4.0,,,-12.1070528,-76.9778753,Santiago De Surco,Departamento,https://babilonia.pe/inmueble/departamento-en-venta-en-santiago-de-surco-de-4-dormitorios-4-banios-143m2-area-210000-usd-de-danitza-tomassini-123199,babilonia
144977,245000.0,251.0,4.0,3.0,,,-12.0953579,-76.9524362,La Molina,Departamento,https://babilonia.pe/inmueble/departamento-en-venta-en-la-molina-de-4-dormitorios-3-banios-251m2-area-245000-usd-de-remax-zona-inmobiliaria-144977,babilonia
127071,219000.0,139.0,4.0,4.0,,,-12.1102438,-76.9776236,Santiago De Surco,Departamento,https://babilonia.pe/inmueble/departamento-en-venta-en-santiago-de-surco-de-4-dormitorios-4-banios-139m2-area-219000-usd-de-exclusiva-real-estate-127071,babilonia
117405,230000.0,345.0,5.0,3.0,,,-11.7749871,-77.177818,Ancon,Departamento,https://babilonia.pe/inmueble/departamento-en-venta-en-ancon-de-5-dormitorios-3-banios-345m2-area-230000-usd-de-inmobideal-peru-117405,babilonia
140202,240000.0,170.0,4.0,4.0,,,-12.0884314,-77.0603084,Magdalena Del Mar,Departamento,https://babilonia.pe/inmueble/departamento-en-venta-en-magdalena-del-mar-de-4-dormitorios-4-banios-170m2-area-240000-usd-de-Maria-Victoria-Bolognesi-Adrianzen-De-Bacigalupo-140202,babilonia
146943,219000.0,224.0,4.0,3.0,,,-12.0571421,-77.1296821,Callao,Departamento,https://babilonia.pe/inmueble/departamento-en-venta-en-callao-de-4-dormitorios-3-banios-224m2-area-219000-usd-de-inmobiliaria-golden-peru-146943,babilonia
148495,260000.0,220.0,4.0,4.0,,,-12.1178776,-76.9953903,Santiago De Surco,Departamento,https://babilonia.pe/inmueble/departamento-en-venta-en-santiago-de-surco-de-4-dormitorios-4-banios-220m2-area-260000-usd-de-juan-carlos-noriega-148495,babilonia
141018,285000.0,174.0,4.0,1.0,,,-12.129876752237163,-76.99785728346711,Santiago De Surco,Departamento,https://babilonia.pe/inmueble/departamento-en-venta-en-santiago-de-surco-de-4-dormitorios-1-banios-174m2-area-285000-usd-de-remax-black-141018,babilonia
134234,264900.0,228.0,5.0,3.0,,,-12.0041384,-76.99184749999999,Pueblo Libre,Departamento,https://babilonia.pe/inmueble/departamento-en-venta-en-pueblo-libre-de-5-dormitorios-3-banios-228m2-area-264900-usd-de-lesca-inmobiliaria-134234,babilonia
128041,300000.0,157.0,4.0,3.0,,,-12.3377694,-76.8208503,Cercado De Lima,Departamento,https://babilonia.pe/inmueble/departamento-en-venta-en-cercado-de-lima-de-4-dormitorios-3-banios-157m2-area-300000-usd-de-gama-inmobiliaria-128041,babilonia
134748,275000.0,242.0,4.0,1.0,,,-12.1065194,-76.96188029999999,Santiago De Surco,Departamento,https://babilonia.pe/inmueble/departamento-en-venta-en-santiago-de-surco-de-4-dormitorios-1-banios-242m2-area-275000-usd-de-remax-pro-134748,babilonia
137036,285000.0,234.0,4.0,4.0,,,-12.126182,-76.9695943,Santiago De Surco,Departamento,https://babilonia.pe/inmueble/departamento-en-venta-en-santiago-de-surco-de-4-dormitorios-4-banios-234m2-area-285000-usd-de-Grupo-Inmobiliario-Integrahold-137036,babilonia
147898,270000.0,284.0,4.0,3.0,,,-11.7753117,-77.1813371,Ancon,Departamento,https://babilonia.pe/inmueble/departamento-en-venta-en-ancon-de-4-dormitorios-3-banios-284m2-area-270000-usd-de-marisa-isern-147898,babilonia
137068,260000.0,168.0,4.0,5.0,,,-12.13391,-77.0073036,Santiago De Surco,Departamento,https://babilonia.pe/inmueble/departamento-en-venta-en-santiago-de-surco-de-4-dormitorios-5-banios-168m2-area-260000-usd-de-lily-romero-bienes-raices-137068,babilonia
134259,265000.0,241.0,4.0,3.0,,,-12.0944711,-76.9837173,San Borja,Departamento,https://babilonia.pe/inmueble/departamento-en-venta-en-san-borja-de-4-dormitorios-3-banios-241m2-area-265000-usd-de-nicole-pflucker-agente-inmobiliario--134259,babilonia
140107,275000.0,138.0,4.0,4.0,,,-12.1059181,-77.0146383,San Isidro,Departamento,https://babilonia.pe/inmueble/departamento-en-venta-en-san-isidro-de-4-dormitorios-4-banios-138m2-area-275000-usd-de-LSG-Agentes-Inmobiliarios--140107,babilonia
101166,269999.0,237.0,4.0,3.0,,,-12.105107,-76.953947,Santiago De Surco,Departamento,https://babilonia.pe/inmueble/departamento-en-venta-en-santiago-de-surco-de-4-dormitorios-3-banios-237m2-area-269999-usd-de-inmobiliaria-golden-peru-101166,babilonia
139179,252000.0,119.0,4.0,2.0,,,-12.1330923,-76.98374129999999,Santiago De Surco,Departamento,https://babilonia.pe/inmueble/departamento-en-venta-en-santiago-de-surco-de-4-dormitorios-2-banios-119m2-area-252000-usd-de-century-21-infinity-139179,babilonia
109280,256425.0,153.0,4.0,3.0,,,-12.0856673,-77.0658083,Pueblo Libre,Departamento,https://babilonia.pe/inmueble/departamento-en-venta-en-pueblo-libre-de-4-dormitorios-3-banios-153m2-area-256425-usd-de-connection-inmobiliaria-boutique-109280,babilonia
128050,345000.0,265.0,5.0,4.0,,,-12.1206526,-76.9795745,Santiago De Surco,Departamento,https://babilonia.pe/inmueble/departamento-en-venta-en-santiago-de-surco-de-5-dormitorios-4-banios-265m2-area-345000-usd-de-inmuebles-y-punto-128050,babilonia
109239,330000.0,180.0,4.0,4.0,,,-12.0900858,-76.9863209,San Borja,Departamento,https://babilonia.pe/inmueble/departamento-en-venta-en-san-borja-de-4-dormitorios-4-banios-180m2-area-330000-usd-de-inmobiliaria-olivari-109239,babilonia
149490,318000.0,225.0,4.0,2.0,,,-12.1047794,-76.975439,Santiago De Surco,Departamento,https://babilonia.pe/inmueble/departamento-en-venta-en-santiago-de-surco-de-4-dormitorios-2-banios-225m2-area-318000-usd-de-ecka-inmobiliaria-149490,babilonia
140580,330000.0,153.0,4.0,2.0,,,-12.0932369,-77.0125657,San Isidro,Departamento,https://babilonia.pe/inmueble/departamento-en-venta-en-san-isidro-de-4-dormitorios-2-banios-153m2-area-330000-usd-de-las-casas-inmobiliaria-140580,babilonia
135995,390000.0,226.0,4.0,3.0,,,-12.1273801,-77.0260236,Miraflores,Departamento,https://babilonia.pe/inmueble/departamento-en-venta-en-miraflores-de-4-dormitorios-3-banios-226m2-area-390000-usd-de-rently-135995,babilonia
147910,305000.0,260.0,4.0,3.0,,,-12.1182638,-77.008934,Miraflores,Departamento,https://babilonia.pe/inmueble/departamento-en-venta-en-miraflores-de-4-dormitorios-3-banios-260m2-area-305000-usd-de-jeanne-de-los-rios-147910,babilonia
144480,320000.0,160.0,4.0,4.0,,,-12.1158985,-76.9759011,Santiago De Surco,Departamento,https://babilonia.pe/inmueble/departamento-en-venta-en-santiago-de-surco-de-4-dormitorios-4-banios-160m2-area-320000-usd-de-remax-pro-144480,babilonia
147384,360000.0,325.0,4.0,3.0,,,-12.1128471,-76.9821159,Santiago De Surco,Departamento,https://babilonia.pe/inmueble/departamento-en-venta-en-santiago-de-surco-de-4-dormitorios-3-banios-325m2-area-360000-usd-de-ims-agentes-147384,babilonia
140118,350000.0,186.0,4.0,2.0,,,-12.0932936,-77.03791009999999,San Isidro,Departamento,https://babilonia.pe/inmueble/departamento-en-venta-en-san-isidro-de-4-dormitorios-2-banios-186m2-area-350000-usd-de-remax-pro-140118,babilonia
146398,319000.0,325.0,5.0,3.0,,,-12.122553,-76.9783476,Santiago De Surco,Departamento,https://babilonia.pe/inmueble/departamento-en-venta-en-santiago-de-surco-de-5-dormitorios-3-banios-325m2-area-319000-usd-de-honne-inmobiliaria-146398,babilonia
148668,399000.0,344.0,4.0,5.0,,,-12.1014628,-77.0233877,San Isidro,Departamento,https://babilonia.pe/inmueble/departamento-en-venta-en-san-isidro-de-4-dormitorios-5-banios-344m2-area-399000-usd-de-numa-casabonne-148668,babilonia
148231,485000.0,288.0,4.0,2.0,,,-12.0853364,-76.96179959999999,Santiago De Surco,Departamento,https://babilonia.pe/inmueble/departamento-en-venta-en-santiago-de-surco-de-4-dormitorios-2-banios-288m2-area-485000-usd-de-lista-inmobiliaria-peru-148231,babilonia
150624,480000.0,200.0,4.0,4.0,,,-12.1246946,-77.0334347,Miraflores,Departamento,https://babilonia.pe/inmueble/departamento-en-venta-en-miraflores-de-4-dormitorios-4-banios-200m2-area-480000-usd-de-jaqueline-tejada-agente-150624,babilonia
145401,480000.0,373.0,4.0,4.0,,,-12.1083852,-76.9845224,San Borja,Departamento,https://babilonia.pe/inmueble/departamento-en-venta-en-san-borja-de-4-dormitorios-4-banios-373m2-area-480000-usd-de-bb-peru-145401,babilonia
130184,445000.0,233.0,4.0,3.0,,,-12.1268313,-77.03286589999999,Miraflores,Departamento,https://babilonia.pe/inmueble/departamento-en-venta-en-miraflores-de-4-dormitorios-3-banios-233m2-area-445000-usd-de-telaya-properties-and-real-estate-130184,babilonia
96989,425000.0,233.0,4.0,4.0,,,-12.3834082,-76.78448999999999,San Bartolo,Departamento,https://babilonia.pe/inmueble/departamento-en-venta-en-san-bartolo-de-4-dormitorios-4-banios-233m2-area-425000-usd-de-mariela-huaman-medina-96989,babilonia
143214,494000.0,234.0,4.0,4.0,,,-12.1148875,-77.0487984,Miraflores,Departamento,https://babilonia.pe/inmueble/departamento-en-venta-en-miraflores-de-4-dormitorios-4-banios-234m2-area-494000-usd-de-camino-real-inmobiliaria-143214,babilonia
145763,499000.0,304.0,4.0,4.0,,,-12.0940667,-76.9483109,La Molina,Departamento,https://babilonia.pe/inmueble/departamento-en-venta-en-la-molina-de-4-dormitorios-4-banios-304m2-area-499000-usd-de-telaya-properties-and-real-estate-145763,babilonia
147559,419000.0,230.0,4.0,4.0,,,-12.0916909,-76.985753,San Borja,Departamento,https://babilonia.pe/inmueble/departamento-en-venta-en-san-borja-de-4-dormitorios-4-banios-230m2-area-419000-usd-de-aicardi-propiedades-147559,babilonia
105286,410000.0,280.0,5.0,5.0,,,-12.1337599,-77.0033929,Santiago De Surco,Departamento,https://babilonia.pe/inmueble/departamento-en-venta-en-santiago-de-surco-de-5-dormitorios-5-banios-280m2-area-410000-usd-de-titi-yrivarren-agente-105286,babilonia
139176,405000.0,218.0,4.0,2.0,,,-12.0919842,-76.987811,San Borja,Departamento,https://babilonia.pe/inmueble/departamento-en-venta-en-san-borja-de-4-dormitorios-2-banios-218m2-area-405000-usd-de-century-21-infinity-139176,babilonia
148440,495000.0,366.0,5.0,6.0,,,-12.1058293,-77.009093,San Borja,Departamento,https://babilonia.pe/inmueble/departamento-en-venta-en-san-borja-de-5-dormitorios-6-banios-366m2-area-495000-usd-de-exclusiva-real-estate-148440,babilonia
125777,490000.0,276.0,4.0,3.0,,,-12.1204344,-76.97495320000002,Santiago De Surco,Departamento,https://babilonia.pe/inmueble/departamento-en-venta-en-santiago-de-surco-de-4-dormitorios-3-banios-276m2-area-490000-usd-de-remax-experiencia-inmobiliaria-125777,babilonia
96358,415000.0,302.0,4.0,4.0,,,-12.0985026,-76.9804709,San Borja,Departamento,https://babilonia.pe/inmueble/departamento-en-venta-en-san-borja-de-4-dormitorios-4-banios-302m2-area-415000-usd-de-label-inmobiliaria-96358,babilonia
142654,405585.0,122.0,4.0,3.0,,,-12.0936146,-77.05782479999999,San Isidro,Departamento,https://babilonia.pe/inmueble/departamento-en-venta-en-san-isidro-de-4-dormitorios-3-banios-122m2-area-405585-usd-de-remax-family-142654,babilonia
136328,490000.0,426.0,4.0,3.0,,,-12.1273733,-77.027953,Miraflores,Departamento,https://babilonia.pe/inmueble/departamento-en-venta-en-miraflores-de-4-dormitorios-3-banios-426m2-area-490000-usd-de-remax-pro-136328,babilonia
111881,486924.0,231.0,4.0,3.0,,,-12.1097549088,-76.9872341449,San Borja,Departamento,https://babilonia.pe/inmueble/departamento-en-venta-en-san-borja-de-4-dormitorios-3-banios-231m2-area-486924-usd-de-mier-y-teran-asociados-agentes-inmobiliarios-111881,babilonia
122769,580000.0,384.0,4.0,3.0,,,-12.1203617,-76.9839144,Santiago De Surco,Departamento,https://babilonia.pe/inmueble/departamento-en-venta-en-santiago-de-surco-de-4-dormitorios-3-banios-384m2-area-580000-usd-de-silvia-seminario-122769,babilonia
104058,650000.0,315.0,4.0,3.0,,,-12.0894625,-76.9630238,Santiago De Surco,Departamento,https://babilonia.pe/inmueble/departamento-en-venta-en-santiago-de-surco-de-4-dormitorios-3-banios-315m2-area-650000-usd-de-carmen-gloria-cardenas-104058,babilonia
145678,548000.0,316.0,5.0,4.0,,,-12.1087696,-76.9899545,San Borja,Departamento,https://babilonia.pe/inmueble/departamento-en-venta-en-san-borja-de-5-dormitorios-4-banios-316m2-area-548000-usd-de-remax-iron-145678,babilonia
97470,579000.0,366.0,4.0,3.0,,,-12.1204501,-77.0146784,Miraflores,Departamento,https://babilonia.pe/inmueble/departamento-en-venta-en-miraflores-de-4-dormitorios-3-banios-366m2-area-579000-usd-de-crecer-inmobiliaria-97470,babilonia
125904,540000.0,296.0,4.0,6.0,,,-12.1159769,-76.9851666,Santiago De Surco,Departamento,https://babilonia.pe/inmueble/departamento-en-venta-en-santiago-de-surco-de-4-dormitorios-6-banios-296m2-area-540000-usd-de-g-home-inmobiliaria-sac-125904,babilonia
136269,553756.0,160.0,4.0,3.0,,,-12.130991,-77.0316069,Miraflores,Departamento,https://babilonia.pe/inmueble/departamento-en-venta-en-miraflores-de-4-dormitorios-3-banios-160m2-area-553756-usd-de-peru-luxury-properties-136269,babilonia
142201,515000.0,358.0,4.0,3.0,,,-12.1212271,-77.009495,Miraflores,Departamento,https://babilonia.pe/inmueble/departamento-en-venta-en-miraflores-de-4-dormitorios-3-banios-358m2-area-515000-usd-de-numa-casabonne-142201,babilonia
130652,570000.0,150.0,5.0,3.0,,,-12.1121895,-77.0401495,Miraflores,Departamento,https://babilonia.pe/inmueble/departamento-en-venta-en-miraflores-de-5-dormitorios-3-banios-150m2-area-570000-usd-de-cecilia-moscoso-pastor-130652,babilonia
140194,597000.0,386.0,4.0,4.0,,,-12.0907092,-76.9656588,Santiago De Surco,Departamento,https://babilonia.pe/inmueble/departamento-en-venta-en-santiago-de-surco-de-4-dormitorios-4-banios-386m2-area-597000-usd-de-inmuebles-peru-140194,babilonia
128675,550000.0,222.0,4.0,3.0,,,-12.103095,-77.05737169999999,San Isidro,Departamento,https://babilonia.pe/inmueble/departamento-en-venta-en-san-isidro-de-4-dormitorios-3-banios-222m2-area-550000-usd-de-l-and-e-inmobiland-128675,babilonia
148382,650000.0,348.0,4.0,4.0,,,-12.1069399,-76.9806092,San Borja,Departamento,https://babilonia.pe/inmueble/departamento-en-venta-en-san-borja-de-4-dormitorios-4-banios-348m2-area-650000-usd-de-casa-vera-148382,babilonia
150763,840000.0,586.0,5.0,5.0,,,-12.0910644,-76.9643293,Santiago De Surco,Departamento,https://babilonia.pe/inmueble/departamento-en-venta-en-santiago-de-surco-de-5-dormitorios-5-banios-586m2-area-840000-usd-de-vivencias-real-estate-150763,babilonia
112882,925000.0,411.0,4.0,4.0,,,-12.0916637,-77.0339347,San Isidro,Departamento,https://babilonia.pe/inmueble/departamento-en-venta-en-san-isidro-de-4-dormitorios-4-banios-411m2-area-925000-usd-de-homelink-bienes-raices-112882,babilonia
147291,840000.0,617.0,6.0,6.0,,,-12.1656939,-77.0259424,Chorrillos,Departamento,https://babilonia.pe/inmueble/departamento-en-venta-en-chorrillos-de-6-dormitorios-6-banios-617m2-area-840000-usd-de-cresta-real-estate-147291,babilonia
117795,900000.0,510.0,5.0,1.0,,,-12.1172829,-76.98333889999999,Santiago De Surco,Departamento,https://babilonia.pe/inmueble/departamento-en-venta-en-santiago-de-surco-de-5-dormitorios-1-banios-510m2-area-900000-usd-de-tamara-puma--agente-inmobiliaria-117795,babilonia
96820,800000.0,420.0,4.0,4.0,,,-12.0853364,-76.96179959999999,Santiago De Surco,Departamento,https://babilonia.pe/inmueble/departamento-en-venta-en-santiago-de-surco-de-4-dormitorios-4-banios-420m2-area-800000-usd-de-ims-agentes-96820,babilonia
148156,700000.0,256.0,4.0,3.0,,,-12.1091991,-77.0413546,Miraflores,Departamento,https://babilonia.pe/inmueble/departamento-en-venta-en-miraflores-de-4-dormitorios-3-banios-256m2-area-700000-usd-de-altinsa-inmobiliaria-148156,babilonia
144024,890000.0,1101.0,5.0,5.0,,,-12.0997321,-76.97011189999999,Santiago De Surco,Departamento,https://babilonia.pe/inmueble/departamento-en-venta-en-santiago-de-surco-de-5-dormitorios-5-banios-1101m2-area-890000-usd-de-cimiento-raices-asesores-inmobiliarios-144024,babilonia
112735,930000.0,537.0,4.0,4.0,,,-12.1142017,-76.9841537,Santiago De Surco,Departamento,https://babilonia.pe/inmueble/departamento-en-venta-en-santiago-de-surco-de-4-dormitorios-4-banios-537m2-area-930000-usd-de-inmuebles-y-punto-112735,babilonia
98985,1150000.0,507.0,5.0,4.0,,,-12.09724984,-77.04565373,San Isidro,Departamento,https://babilonia.pe/inmueble/departamento-en-venta-en-san-isidro-de-5-dormitorios-4-banios-507m2-area-1150000-usd-de-mak-soluciones-inmobiliarias-98985,babilonia
114269,1150000.0,303.0,4.0,4.0,,,-12.1029764,-77.04919009999999,San Isidro,Departamento,https://babilonia.pe/inmueble/departamento-en-venta-en-san-isidro-de-4-dormitorios-4-banios-303m2-area-1150000-usd-de-crecer-inmobiliaria-114269,babilonia
144780,1100000.0,476.0,4.0,4.0,,,-12.0999861,-77.0407487,San Isidro,Departamento,https://babilonia.pe/inmueble/departamento-en-venta-en-san-isidro-de-4-dormitorios-4-banios-476m2-area-1100000-usd-de-inmobiliaria-crosby-144780,babilonia
148784,1800000.0,485.0,4.0,3.0,,,-12.1091968,-77.0439143,San Isidro,Departamento,https://babilonia.pe/inmueble/departamento-en-venta-en-san-isidro-de-4-dormitorios-3-banios-485m2-area-1800000-usd-de-arko-inmuebles-148784,babilonia
115399,1350000.0,1121.0,4.0,4.0,,,-12.0888942,-76.96700799999999,Santiago De Surco,Departamento,https://babilonia.pe/inmueble/departamento-en-venta-en-santiago-de-surco-de-4-dormitorios-4-banios-1121m2-area-1350000-usd-de-male-y-maika-pazos-115399,babilonia
142831,1247500.0,334.0,4.0,4.0,,,-12.1036835623,-77.0504326854,San Isidro,Departamento,https://babilonia.pe/inmueble/departamento-en-venta-en-san-isidro-de-4-dormitorios-4-banios-334m2-area-1247500-usd-de-mier-y-teran-asociados-agentes-inmobiliarios-142831,babilonia
125969,1109000.0,470.0,4.0,4.0,,,-12.1103173,-77.04532999999999,Miraflores,Departamento,https://babilonia.pe/inmueble/departamento-en-venta-en-miraflores-de-4-dormitorios-4-banios-470m2-area-1109000-usd-de-mw-investments-125969,babilonia
86935,1720000.0,1146.0,4.0,6.0,,,-12.0888942,-76.96700799999999,Santiago De Surco,Departamento,https://babilonia.pe/inmueble/departamento-en-venta-en-santiago-de-surco-de-4-dormitorios-6-banios-1146m2-area-1720000-usd-de-gracey-inmobiliaria-86935,babilonia
